-- phpMyAdmin SQL Dump
-- version 4.7.4
-- https://www.phpmyadmin.net/
--
-- Hôte : 127.0.0.1:3306
-- Généré le :  mar. 05 mars 2019 à 15:31
-- Version du serveur :  5.7.19
-- Version de PHP :  7.1.9

SET SQL_MODE = "NO_AUTO_VALUE_ON_ZERO";
SET AUTOCOMMIT = 0;
START TRANSACTION;
SET time_zone = "+00:00";


/*!40101 SET @OLD_CHARACTER_SET_CLIENT=@@CHARACTER_SET_CLIENT */;
/*!40101 SET @OLD_CHARACTER_SET_RESULTS=@@CHARACTER_SET_RESULTS */;
/*!40101 SET @OLD_COLLATION_CONNECTION=@@COLLATION_CONNECTION */;
/*!40101 SET NAMES utf8mb4 */;

--
-- Base de données :  `sgb`
--

-- --------------------------------------------------------

--
-- Structure de la table `anneebudgetaire`
--

DROP TABLE IF EXISTS `anneebudgetaire`;
CREATE TABLE IF NOT EXISTS `anneebudgetaire` (
  `id` int(11) NOT NULL AUTO_INCREMENT,
  `anneebudget` varchar(255) COLLATE utf8mb4_unicode_ci NOT NULL,
  PRIMARY KEY (`id`)
) ENGINE=InnoDB AUTO_INCREMENT=3 DEFAULT CHARSET=utf8mb4 COLLATE=utf8mb4_unicode_ci;

--
-- Déchargement des données de la table `anneebudgetaire`
--

INSERT INTO `anneebudgetaire` (`id`, `anneebudget`) VALUES
(1, '2017-2018'),
(2, '2018-2019');

-- --------------------------------------------------------

--
-- Structure de la table `axeanalytique`
--

DROP TABLE IF EXISTS `axeanalytique`;
CREATE TABLE IF NOT EXISTS `axeanalytique` (
  `id` int(11) NOT NULL AUTO_INCREMENT,
  `designation` varchar(255) COLLATE utf8mb4_unicode_ci NOT NULL,
  PRIMARY KEY (`id`)
) ENGINE=InnoDB AUTO_INCREMENT=5 DEFAULT CHARSET=utf8mb4 COLLATE=utf8mb4_unicode_ci;

--
-- Déchargement des données de la table `axeanalytique`
--

INSERT INTO `axeanalytique` (`id`, `designation`) VALUES
(1, 'Admin Centrale'),
(2, 'Services'),
(3, 'Projets'),
(4, 'Facultés');

-- --------------------------------------------------------

--
-- Structure de la table `caisse_centrale`
--

DROP TABLE IF EXISTS `caisse_centrale`;
CREATE TABLE IF NOT EXISTS `caisse_centrale` (
  `id` int(11) NOT NULL AUTO_INCREMENT,
  `depense_id` int(11) DEFAULT NULL,
  `recette_id` int(11) DEFAULT NULL,
  `date_entree` datetime DEFAULT NULL,
  `date_sortie` datetime DEFAULT NULL,
  `montant_sortie` double DEFAULT NULL,
  `montant_entre` double DEFAULT NULL,
  PRIMARY KEY (`id`),
  UNIQUE KEY `UNIQ_77E020B241D81563` (`depense_id`),
  UNIQUE KEY `UNIQ_77E020B289312FE9` (`recette_id`)
) ENGINE=InnoDB AUTO_INCREMENT=79 DEFAULT CHARSET=utf8mb4 COLLATE=utf8mb4_unicode_ci;

--
-- Déchargement des données de la table `caisse_centrale`
--

INSERT INTO `caisse_centrale` (`id`, `depense_id`, `recette_id`, `date_entree`, `date_sortie`, `montant_sortie`, `montant_entre`) VALUES
(1, NULL, 57, '2018-10-09 00:00:00', NULL, NULL, 631),
(2, NULL, 363, '2018-10-01 00:00:00', NULL, NULL, 50),
(3, NULL, 364, '2018-10-05 00:00:00', NULL, NULL, 70),
(4, NULL, 365, '2018-10-12 00:00:00', NULL, NULL, 745),
(5, NULL, 366, '2018-10-19 00:00:00', NULL, NULL, 200),
(6, NULL, 367, '2018-10-19 00:00:00', NULL, NULL, 100),
(7, NULL, 368, '2018-10-22 00:00:00', NULL, NULL, 710),
(8, NULL, 369, '2018-10-24 00:00:00', NULL, NULL, 1155),
(9, NULL, 370, '2018-10-25 00:00:00', NULL, NULL, 850),
(10, NULL, 371, '2018-10-25 00:00:00', NULL, NULL, 200),
(11, NULL, 372, '2018-10-26 00:00:00', NULL, NULL, 520),
(12, NULL, 373, '2018-10-29 00:00:00', NULL, NULL, 1225),
(13, NULL, 374, '2018-10-29 00:00:00', NULL, NULL, 600),
(14, NULL, 375, '2018-10-30 00:00:00', NULL, NULL, 580),
(15, NULL, 377, '2018-10-30 00:00:00', NULL, NULL, 80),
(16, NULL, 378, '2018-10-31 00:00:00', NULL, NULL, 772),
(17, NULL, 379, '2018-10-31 00:00:00', NULL, NULL, 220),
(18, NULL, 380, '2018-10-17 00:00:00', NULL, NULL, 210),
(19, NULL, 381, '2018-10-19 00:00:00', NULL, NULL, 100),
(20, NULL, 382, '2018-10-19 00:00:00', NULL, NULL, 540),
(21, NULL, 383, '2018-10-20 00:00:00', NULL, NULL, 250),
(22, NULL, 384, '2018-10-22 00:00:00', NULL, NULL, 250),
(23, NULL, 385, '2018-10-23 00:00:00', NULL, NULL, 770),
(24, NULL, 386, '2018-10-24 00:00:00', NULL, NULL, 50),
(25, NULL, 387, '2018-10-25 00:00:00', NULL, NULL, 600),
(26, NULL, 388, '2018-10-26 00:00:00', NULL, NULL, 830),
(27, NULL, 389, '2018-10-29 00:00:00', NULL, NULL, 680),
(28, NULL, 390, '2018-10-29 00:00:00', NULL, NULL, 400),
(29, NULL, 391, '2018-10-30 00:00:00', NULL, NULL, 230),
(30, NULL, 392, '2018-10-31 00:00:00', NULL, NULL, 1250),
(31, NULL, 393, '2018-10-31 00:00:00', NULL, NULL, 170),
(32, NULL, 394, '2018-10-08 00:00:00', NULL, NULL, 917),
(33, NULL, 395, '2018-10-16 00:00:00', NULL, NULL, 85),
(34, NULL, 396, '2018-10-23 00:00:00', NULL, NULL, 208),
(35, NULL, 397, '2018-10-26 00:00:00', NULL, NULL, 400),
(36, NULL, 398, '2018-10-29 00:00:00', NULL, NULL, 255),
(37, NULL, 399, '2018-10-30 00:00:00', NULL, NULL, 520),
(38, NULL, 400, '2018-10-31 00:00:00', NULL, NULL, 100),
(39, NULL, 422, '2018-10-05 00:00:00', NULL, NULL, 330),
(40, NULL, 423, '2018-10-12 00:00:00', NULL, NULL, 120),
(41, NULL, 424, '2018-10-15 00:00:00', NULL, NULL, 50),
(42, NULL, 425, '2018-10-16 00:00:00', NULL, NULL, 500),
(43, NULL, 426, '2018-10-16 00:00:00', NULL, NULL, 685),
(44, NULL, 427, '2018-10-17 00:00:00', NULL, NULL, 490),
(45, NULL, 428, '2018-10-19 00:00:00', NULL, NULL, 240),
(46, NULL, 430, '2018-10-22 00:00:00', NULL, NULL, 775),
(47, NULL, 431, '2018-10-22 00:00:00', NULL, NULL, 140),
(48, NULL, 432, '2018-10-23 00:00:00', NULL, NULL, 795),
(49, NULL, 437, '2018-10-31 00:00:00', NULL, NULL, 440),
(50, NULL, 436, '2018-10-30 00:00:00', NULL, NULL, 335),
(51, NULL, 438, '2018-10-31 00:00:00', NULL, NULL, 105),
(53, NULL, 433, '2018-10-23 00:00:00', NULL, NULL, 550),
(54, NULL, 434, '2018-10-25 00:00:00', NULL, NULL, 200),
(55, NULL, 435, '2018-10-26 00:00:00', NULL, NULL, 400),
(56, NULL, 439, '2018-10-17 00:00:00', NULL, NULL, 260),
(57, NULL, 440, '2018-10-26 00:00:00', NULL, NULL, 232),
(58, NULL, 401, '2018-10-01 00:00:00', NULL, NULL, 90),
(59, NULL, 402, '2018-10-16 00:00:00', NULL, NULL, 35),
(60, NULL, 404, '2018-10-25 00:00:00', NULL, NULL, 200),
(61, NULL, 405, '2018-10-26 00:00:00', NULL, NULL, 200),
(62, NULL, 406, '2018-10-29 00:00:00', NULL, NULL, 50),
(63, NULL, 407, '2018-10-30 00:00:00', NULL, NULL, 624),
(64, NULL, 408, '2018-10-31 00:00:00', NULL, NULL, 200),
(65, NULL, 409, '2018-10-31 00:00:00', NULL, NULL, 100),
(66, NULL, 410, '2018-10-31 00:00:00', NULL, NULL, 200),
(67, NULL, 403, '2018-10-23 00:00:00', NULL, NULL, 190),
(68, NULL, 411, '2018-10-05 00:00:00', NULL, NULL, 130),
(69, NULL, 412, '2018-10-16 00:00:00', NULL, NULL, 90),
(70, NULL, 413, '2018-10-22 00:00:00', NULL, NULL, 100),
(71, NULL, 414, '2018-10-22 00:00:00', NULL, NULL, 15),
(72, NULL, 415, '2018-10-23 00:00:00', NULL, NULL, 206),
(73, NULL, 416, '2018-10-25 00:00:00', NULL, NULL, 645),
(74, NULL, 420, '2018-10-31 00:00:00', NULL, NULL, 1000),
(75, NULL, 417, '2018-10-29 00:00:00', NULL, NULL, 645),
(76, NULL, 418, '2018-10-30 00:00:00', NULL, NULL, 810),
(77, NULL, 419, '2018-10-31 00:00:00', NULL, NULL, 694),
(78, NULL, 421, '2018-10-31 00:00:00', NULL, NULL, 100);

-- --------------------------------------------------------

--
-- Structure de la table `compte_journaux`
--

DROP TABLE IF EXISTS `compte_journaux`;
CREATE TABLE IF NOT EXISTS `compte_journaux` (
  `id` int(11) NOT NULL AUTO_INCREMENT,
  `code` varchar(255) COLLATE utf8mb4_unicode_ci NOT NULL,
  `intitule` varchar(255) COLLATE utf8mb4_unicode_ci NOT NULL,
  PRIMARY KEY (`id`)
) ENGINE=InnoDB AUTO_INCREMENT=6 DEFAULT CHARSET=utf8mb4 COLLATE=utf8mb4_unicode_ci;

--
-- Déchargement des données de la table `compte_journaux`
--

INSERT INTO `compte_journaux` (`id`, `code`, `intitule`) VALUES
(1, 'CAIS 1', 'Caisse Centrale ULPGL'),
(2, 'OD01', 'OERATIONS DIVERSES 01'),
(3, 'PROCRE', 'Procredit Bank Principal'),
(4, 'BON M', 'Coopec Bonne Moisson'),
(5, 'RAW', 'Raw Bank');

-- --------------------------------------------------------

--
-- Structure de la table `config_sgb`
--

DROP TABLE IF EXISTS `config_sgb`;
CREATE TABLE IF NOT EXISTS `config_sgb` (
  `id` int(11) NOT NULL AUTO_INCREMENT,
  `is_centrale_caisse` tinyint(1) DEFAULT NULL,
  PRIMARY KEY (`id`)
) ENGINE=InnoDB AUTO_INCREMENT=2 DEFAULT CHARSET=utf8mb4 COLLATE=utf8mb4_unicode_ci;

--
-- Déchargement des données de la table `config_sgb`
--

INSERT INTO `config_sgb` (`id`, `is_centrale_caisse`) VALUES
(1, 1);

-- --------------------------------------------------------

--
-- Structure de la table `depense`
--

DROP TABLE IF EXISTS `depense`;
CREATE TABLE IF NOT EXISTS `depense` (
  `id` int(11) NOT NULL AUTO_INCREMENT,
  `utilisateurdepense_id` int(11) NOT NULL,
  `libele` varchar(255) COLLATE utf8mb4_unicode_ci DEFAULT NULL,
  `montantdepense` double NOT NULL,
  `create_at` datetime NOT NULL,
  `beneficiaire` varchar(255) COLLATE utf8mb4_unicode_ci DEFAULT NULL,
  `chef_departement` varchar(255) COLLATE utf8mb4_unicode_ci DEFAULT NULL,
  `sec_general_concerne` varchar(255) COLLATE utf8mb4_unicode_ci DEFAULT NULL,
  `ab_ou_delegue` varchar(255) COLLATE utf8mb4_unicode_ci DEFAULT NULL,
  `recteur_ou_delegue` varchar(255) COLLATE utf8mb4_unicode_ci DEFAULT NULL,
  `date_emission` datetime NOT NULL,
  `visa_compotable` varchar(255) COLLATE utf8mb4_unicode_ci DEFAULT NULL,
  `mode_paiement` varchar(255) COLLATE utf8mb4_unicode_ci DEFAULT NULL,
  `num_op` varchar(255) COLLATE utf8mb4_unicode_ci DEFAULT NULL,
  `service_id` int(11) DEFAULT NULL,
  `ligne_budgetaire_id` int(11) DEFAULT NULL,
  `autoriser_chef_service` tinyint(1) DEFAULT NULL,
  `autoriser_sg` tinyint(1) DEFAULT NULL,
  `autoriser_ab` tinyint(1) DEFAULT NULL,
  `autoriser_recteur` tinyint(1) DEFAULT NULL,
  `is_centralyzed` tinyint(1) DEFAULT NULL,
  PRIMARY KEY (`id`),
  KEY `IDX_340597576CEA4152` (`utilisateurdepense_id`),
  KEY `IDX_34059757ED5CA9E6` (`service_id`),
  KEY `IDX_340597572F59CE5F` (`ligne_budgetaire_id`)
) ENGINE=InnoDB AUTO_INCREMENT=202 DEFAULT CHARSET=utf8mb4 COLLATE=utf8mb4_unicode_ci;

--
-- Déchargement des données de la table `depense`
--

INSERT INTO `depense` (`id`, `utilisateurdepense_id`, `libele`, `montantdepense`, `create_at`, `beneficiaire`, `chef_departement`, `sec_general_concerne`, `ab_ou_delegue`, `recteur_ou_delegue`, `date_emission`, `visa_compotable`, `mode_paiement`, `num_op`, `service_id`, `ligne_budgetaire_id`, `autoriser_chef_service`, `autoriser_sg`, `autoriser_ab`, `autoriser_recteur`, `is_centralyzed`) VALUES
(1, 108, 'Entretien', 75, '2018-09-02 00:00:00', 'Coupe couture', NULL, NULL, NULL, NULL, '2018-09-02 00:00:00', NULL, 'CASH', 'CC001', 11, 359, 1, 0, 0, 0, 0),
(2, 108, 'Fournitures de bureau', 10, '2018-09-06 00:00:00', 'Coupe couture', NULL, NULL, NULL, NULL, '2018-09-02 00:00:00', NULL, 'CASH', 'CC002', 11, 533, 1, 0, 0, 0, 0),
(3, 104, 'Achat 1ct papiers', 35, '2018-10-01 00:00:00', 'FSDC', NULL, NULL, NULL, NULL, '2018-10-03 00:00:00', NULL, 'CASH', 'FSDC001', 26, 232, 1, 0, 0, 0, 0),
(4, 102, 'Mat du bureau', 230, '2018-10-03 00:00:00', 'FPSE', NULL, NULL, NULL, NULL, '2018-10-03 00:00:00', NULL, 'CASH', 'FPSE001', 25, 253, 1, 0, 0, 0, 0),
(5, 102, 'achat rame papiers', 7.6, '2018-10-11 00:00:00', 'FPSE', NULL, NULL, NULL, NULL, '2018-10-11 00:00:00', NULL, 'CASH', 'FPSE002', 25, 254, 1, 0, 0, 0, 0),
(6, 102, 'Frais de reunion', 190, '2018-10-16 00:00:00', 'FPSE', NULL, NULL, NULL, NULL, '2018-10-16 00:00:00', NULL, 'CASH', 'FPSE003', 25, 258, 1, 0, 0, 0, 0),
(7, 107, 'Materiel du bureau', 16, '2018-10-04 00:00:00', 'FSTA', NULL, NULL, NULL, NULL, '2018-10-03 00:00:00', NULL, 'CASH', 'FSTA001', 27, 274, 0, 0, 0, 0, 0),
(8, 106, 'Fournitures', 125, '2018-10-23 00:00:00', 'FSTA', NULL, NULL, NULL, NULL, '2018-10-23 00:00:00', NULL, 'CASH', '002', 27, 275, 1, 0, 0, 0, 0),
(9, 106, 'Conseil facultaire', 35, '2018-10-17 00:00:00', 'FSTA', NULL, NULL, NULL, NULL, '2018-10-16 00:00:00', NULL, 'CASH', '003', 27, 279, 1, 0, 0, 0, 0),
(10, 106, 'Transport', 2, '2018-10-25 00:00:00', 'FSTA', NULL, NULL, NULL, NULL, '2018-10-24 00:00:00', NULL, 'CASH', '004', 27, 281, 1, 0, 0, 0, 0),
(11, 106, 'Communication décanat', 205, '2018-10-26 00:00:00', 'FSTA', NULL, NULL, NULL, NULL, '2018-10-25 00:00:00', NULL, 'CASH', '005', 27, 283, 1, 0, 0, 0, 0),
(12, 106, 'prime', 35, '2018-10-29 00:00:00', 'Caissier', NULL, NULL, NULL, NULL, '2018-10-26 00:00:00', NULL, 'CASH', '006', 27, 286, 1, 0, 0, 0, 0),
(13, 106, 'Soutenance, direction, encadrement', 835, '2018-10-29 00:00:00', 'FSTA', NULL, NULL, NULL, NULL, '2018-10-29 00:00:00', NULL, 'CASH', '007', 27, 287, 1, 0, 0, 0, 0),
(14, 106, 'Deuxième session', 436, '2018-10-29 00:00:00', 'FSTA', NULL, NULL, NULL, NULL, '2018-10-29 00:00:00', NULL, 'CASH', '008', 27, 289, 1, 0, 0, 0, 0),
(15, 106, 'Lecture rapport de stage', 100, '2018-10-30 00:00:00', 'FSTA', NULL, NULL, NULL, NULL, '2018-10-30 00:00:00', NULL, 'CASH', '009', 27, 287, 1, 0, 0, 0, 0),
(16, 106, 'Charges diverses', 140, '2018-10-31 00:00:00', 'FSTA', NULL, NULL, NULL, NULL, '2018-10-31 00:00:00', NULL, 'CASH', '010', 27, 290, 1, 0, 0, 0, 0),
(17, 102, 'communication', 30, '2018-10-16 00:00:00', 'FPSE', NULL, NULL, NULL, NULL, '2018-10-16 00:00:00', NULL, 'CASH', 'FPSE004', 25, 262, 1, 0, 0, 0, 0),
(18, 102, 'direction Tfc et Mémoire', 819, '2019-01-31 00:00:00', 'FPSE', NULL, NULL, NULL, NULL, '2018-10-21 00:00:00', NULL, 'CASH', 'FPSE005', 25, 266, 1, 0, 0, 0, 0),
(19, 102, 'organisation de la session', 63.75, '2019-01-31 00:00:00', 'FPSE', NULL, NULL, NULL, NULL, '2018-10-26 00:00:00', NULL, 'CASH', 'FPSE006', 25, 270, 1, 0, 0, 0, 0),
(20, 106, 'Fournitures', 76, '2018-11-06 00:00:00', 'FSTA', NULL, NULL, NULL, NULL, '2018-11-05 00:00:00', NULL, 'CASH', '011', 27, 275, 1, 0, 0, 0, 0),
(21, 106, 'Carburant', 5.5, '2018-11-07 00:00:00', 'FSTA', NULL, NULL, NULL, NULL, '2018-11-06 00:00:00', NULL, 'CASH', '012', 27, 277, 1, 0, 0, 0, 0),
(22, 106, 'Conseil facultaire', 95, '2018-11-08 00:00:00', 'membres du conseil', NULL, NULL, NULL, NULL, '2018-11-07 00:00:00', NULL, 'CASH', '013', 27, 279, 1, 0, 0, 0, 0),
(23, 106, 'Transport', 3, '2018-11-12 00:00:00', 'Hussier', NULL, NULL, NULL, NULL, '2018-11-09 00:00:00', NULL, 'CASH', '014', 27, 281, 1, 0, 0, 0, 0),
(24, 106, 'Communication décanat', 145, '2018-11-13 00:00:00', 'Décanat', NULL, NULL, NULL, NULL, '2018-11-12 00:00:00', NULL, 'CASH', '015', 27, 283, 1, 0, 0, 0, 0),
(25, 106, 'cassier', 35, '2018-11-14 00:00:00', 'Caissier', NULL, NULL, NULL, NULL, '2018-11-13 00:00:00', NULL, 'CASH', '016', 27, 286, 1, 0, 0, 0, 0),
(26, 106, 'Soutenance, direction, encadrement', 745, '2018-11-15 00:00:00', 'Directeur, encadreur, jury', NULL, NULL, NULL, NULL, '2018-11-14 00:00:00', NULL, 'CASH', '017', 27, 287, 1, 0, 0, 0, 0),
(27, 106, 'Lecture rapport de stage', 95, '2018-11-19 00:00:00', 'Superviseur', NULL, NULL, NULL, NULL, '2018-11-16 00:00:00', NULL, 'CASH', '018', 27, 287, 1, 0, 0, 0, 0),
(28, 106, 'Deuxième session', 407, '2018-11-21 00:00:00', 'FSTA', NULL, NULL, NULL, NULL, '2018-11-20 00:00:00', NULL, 'CASH', '019', 27, 289, 1, 0, 0, 0, 0),
(29, 106, 'Charges diverses', 45, '2019-02-25 00:00:00', 'FSTA', NULL, NULL, NULL, NULL, '2018-11-22 00:00:00', NULL, 'CASH', '020', 27, 290, 1, 0, 0, 0, 0),
(30, 110, 'Achat aliment', 100, '2018-10-02 00:00:00', 'Creche', NULL, NULL, NULL, NULL, '2018-10-01 00:00:00', NULL, 'CASH', 'CRC01', 31, 369, 1, 0, 0, 0, 0),
(31, 110, 'Produit entretien', 3, '2018-10-02 00:00:00', 'Creche', NULL, NULL, NULL, NULL, '2018-10-02 00:00:00', NULL, 'CASH', 'CRC02', 31, 370, 1, 0, 0, 0, 0),
(32, 110, 'Communication', 10, '2018-10-02 00:00:00', 'Creche', NULL, NULL, NULL, NULL, '2018-10-03 00:00:00', NULL, 'CASH', 'CRC03', 31, 372, 1, 0, 0, 0, 0),
(33, 110, 'buanderie', 20, '2018-10-13 00:00:00', NULL, NULL, NULL, NULL, NULL, '2018-10-12 00:00:00', NULL, NULL, 'CRC04', 31, 368, 1, 0, 0, 0, 0),
(34, 110, 'Contribution Admin Centrale', 55, '2018-10-10 00:00:00', 'Creche', NULL, NULL, NULL, NULL, '2018-10-10 00:00:00', NULL, 'CASH', 'CRC05', 31, 375, 1, 0, 0, 0, 0),
(35, 110, 'Salaire personnel', 482.8, '2018-10-26 00:00:00', 'Creche', NULL, NULL, NULL, NULL, '2018-10-25 00:00:00', NULL, 'CASH', 'CRC06', 31, 377, 1, 0, 0, 0, 0),
(36, 111, 'Materils', 36, '2018-10-10 00:00:00', 'RESTO JOVIAL', NULL, NULL, NULL, NULL, '2018-10-02 00:00:00', NULL, 'CASH', 'RESTO01', 32, 380, 1, 0, 0, 0, 0),
(37, 111, 'Achat aliment', 4237.05, '2018-10-02 00:00:00', 'RESTO JOVIAL', NULL, NULL, NULL, NULL, '2018-10-02 00:00:00', NULL, 'CASH', 'RESTO02', 32, 381, 1, 0, 0, 0, 0),
(38, 111, 'Fournitures de bureau', 1.56, '2018-10-06 00:00:00', 'RESTO JOVIAL', NULL, NULL, NULL, NULL, '2018-10-03 00:00:00', NULL, 'CASH', 'RESTO03', 32, 382, 1, 0, 0, 0, 0),
(39, 111, 'Communication', 6.25, '2018-10-03 00:00:00', 'RESTO JOVIAL', NULL, NULL, NULL, NULL, '2018-10-02 00:00:00', NULL, 'CASH', 'RESTO04', 32, 383, 1, 0, 0, 0, 0),
(40, 111, 'Honoraires divers', 169.5, '2018-10-25 00:00:00', 'RESTO JOVIAL', NULL, NULL, NULL, NULL, '2018-10-06 00:00:00', NULL, 'CASH', 'RESTO05', 32, 384, 1, 0, 0, 0, 0),
(41, 111, 'Contribution Admin Centrale', 20, '2018-10-06 00:00:00', 'RESTO JOVIAL', NULL, NULL, NULL, NULL, '2018-10-06 00:00:00', NULL, 'CASH', 'RESTO06', 32, 385, 1, 0, 0, 0, 0),
(42, 111, 'charges divers', 5, '2018-10-12 00:00:00', 'RESTO JOVIAL', NULL, NULL, NULL, NULL, '2018-10-06 00:00:00', NULL, 'CASH', 'RESTO07', 32, 386, 1, 0, 0, 0, 0),
(43, 102, 'organisation de la session', 30, '2018-10-30 00:00:00', 'FPSE', NULL, NULL, NULL, NULL, '2018-10-30 00:00:00', NULL, 'CASH', 'FPSE007', 25, 270, 1, 0, 0, 0, 0),
(44, 102, 'cartouche', 10, '2018-11-01 00:00:00', 'FPSE', NULL, NULL, NULL, NULL, '2018-11-01 00:00:00', NULL, 'CASH', 'FPSE008', 25, 255, 1, 0, 0, 0, 0),
(45, 102, 'direction Tfc et Mémoire', 70, '2018-11-06 00:00:00', 'FPSE', NULL, NULL, NULL, NULL, '2018-11-06 00:00:00', NULL, 'CASH', 'FPSE009', 25, 266, 1, 0, 0, 0, 0),
(46, 108, 'Fournitures de bureau', 7.5, '2018-10-03 00:00:00', 'Coupe couture', NULL, NULL, NULL, NULL, '2018-10-02 00:00:00', NULL, 'CASH', 'CC006', 11, 533, 1, 0, 0, 0, 0),
(47, 108, 'Matériel Dida', 240, '2018-10-13 00:00:00', 'Coupe couture', NULL, NULL, NULL, NULL, '2018-10-12 00:00:00', NULL, 'CASH', 'CC007', 11, 358, 1, 0, 0, 0, 0),
(48, 108, 'Honoraires divers', 154, '2018-10-15 00:00:00', 'Coupe couture', NULL, NULL, NULL, NULL, '2018-10-13 00:00:00', NULL, 'CASH', 'CC008', 11, 360, 1, 0, 0, 0, 0),
(49, 108, 'Contribution Admin Centrale', 35, '2018-10-12 00:00:00', 'Coupe couture', NULL, NULL, NULL, NULL, '2018-10-12 00:00:00', NULL, 'CASH', 'CC009', 11, 361, 1, 0, 0, 0, 0),
(50, 108, 'charges divers', 5, '2018-10-20 00:00:00', 'Coupe couture', NULL, NULL, NULL, NULL, '2018-10-16 00:00:00', NULL, 'CASH', 'CC010', 11, 362, 1, 0, 0, 0, 0),
(51, 95, 'Fourniture', 2, '2018-10-12 00:00:00', 'FM', NULL, NULL, NULL, NULL, '2018-10-22 00:00:00', NULL, 'CASH', 'FM001', 24, 297, 1, 0, 0, 0, 0),
(52, 95, 'Organisation de la session', 440.9, '2018-10-12 00:00:00', 'FM', NULL, NULL, NULL, NULL, '2018-10-03 00:00:00', NULL, 'CASH', 'FM002', 24, 314, 1, 0, 0, 0, 0),
(53, 95, 'Frais lecture rapports stage', 59, '2018-10-12 00:00:00', 'FM', NULL, NULL, NULL, NULL, '2018-10-23 00:00:00', NULL, 'CASH', 'FM003', 24, 315, 1, 0, 0, 0, 0),
(54, 95, 'Achat carburant', 16.8, '2018-10-12 00:00:00', 'FM', NULL, NULL, NULL, NULL, '2018-10-10 00:00:00', NULL, 'CASH', 'FM004', 24, 300, 1, 0, 0, 0, 0),
(55, 95, 'Transport pour diverses courses', 1, '2018-10-03 00:00:00', 'FM', NULL, NULL, NULL, NULL, '2018-10-12 00:00:00', NULL, 'CASH', 'FM005', 24, 304, 1, 0, 0, 0, 0),
(56, 95, 'Frais de communication', 7.1, '2018-10-12 00:00:00', 'FM', NULL, NULL, NULL, NULL, '2018-10-04 00:00:00', NULL, 'CASH', 'FM006', 24, 306, 1, 0, 0, 0, 0),
(57, 95, 'Frais de direction TFC', 946, '2018-10-08 00:00:00', 'FM', NULL, NULL, NULL, NULL, '2018-10-13 00:00:00', NULL, 'CASH', 'FM007', 24, 312, 1, 0, 0, 0, 0),
(58, 95, 'Fourniture', 54, '2018-11-17 00:00:00', 'FM', NULL, NULL, NULL, NULL, '2018-11-14 00:00:00', NULL, 'CASH', 'FM008', 24, 297, 1, 0, 0, 0, 0),
(59, 95, 'Achat carburant', 40, '2018-11-12 00:00:00', 'FM', NULL, NULL, NULL, NULL, '2018-11-23 00:00:00', NULL, 'CASH', 'FM009', 24, 300, 1, 0, 0, 0, 0),
(60, 95, 'Transport pour diverses courses', 41.2, '2018-11-04 00:00:00', 'FM', NULL, NULL, NULL, NULL, '2018-11-06 00:00:00', NULL, 'CASH', 'FM010', 24, 304, 1, 0, 0, 0, 0),
(61, 95, 'Organisation de la session', 110, '2018-11-06 00:00:00', 'FM', NULL, NULL, NULL, NULL, '2018-11-07 00:00:00', NULL, 'CASH', 'FM011', 24, 314, 1, 0, 0, 0, 0),
(62, 95, 'Entretien matériels', 35, '2018-11-04 00:00:00', 'FM', NULL, NULL, NULL, NULL, '2018-11-23 00:00:00', NULL, 'CASH', 'FM012', 24, 305, 1, 0, 0, 0, 0),
(63, 95, 'Frais de direction TFC', 776, '2018-11-12 00:00:00', 'FM', NULL, NULL, NULL, NULL, '2018-11-19 00:00:00', NULL, 'CASH', 'FM013', 24, 312, 1, 0, 0, 0, 0),
(64, 95, 'Fourniture', 41, '2018-12-14 00:00:00', 'FM', NULL, NULL, NULL, NULL, '2018-12-16 00:00:00', NULL, 'CASH', 'FM014', 24, 297, 1, 0, 0, 0, 0),
(65, 95, 'Achat carburant', 53.1, '2018-12-18 00:00:00', 'FM', NULL, NULL, NULL, NULL, '2018-12-14 00:00:00', NULL, 'CASH', 'FM015', 24, 300, 1, 0, 0, 0, 0),
(66, 95, 'Transport après conseil', 70, '2018-02-21 00:00:00', 'FM', NULL, NULL, NULL, NULL, '2018-12-18 00:00:00', NULL, 'CASH', 'FM016', 24, 302, 1, 0, 0, 0, 0),
(67, 95, 'Assistance sociale', 50, '2018-12-12 00:00:00', 'FM', NULL, NULL, NULL, NULL, '2018-12-08 00:00:00', NULL, 'CASH', 'FM017', 24, 317, 1, 0, 0, 0, 0),
(68, 95, 'Entretien matériels', 10, '2018-12-12 00:00:00', 'FM', NULL, NULL, NULL, NULL, '2018-12-04 00:00:00', NULL, 'CASH', 'FM018', 24, 305, 1, 0, 0, 0, 0),
(69, 95, 'Frais de direction TFC', 168, '2018-12-09 00:00:00', 'FM', NULL, NULL, NULL, NULL, '2018-12-05 00:00:00', NULL, 'CASH', 'FM019', 24, 312, 1, 0, 0, 0, 0),
(70, 95, 'Transport après conseil', 70, '2018-12-03 00:00:00', 'FM', NULL, NULL, NULL, NULL, '2018-12-07 00:00:00', NULL, 'CASH', 'FM020', 24, 302, 1, 0, 0, 0, 0),
(71, 108, 'Fournitures de bureau', 1.5, '2018-11-12 00:00:00', 'Coupe couture', NULL, NULL, NULL, NULL, '2018-11-02 00:00:00', NULL, 'CASH', 'CC011', 11, 533, 1, 0, 0, 0, 0),
(72, 108, 'Entrétien machine', 47, '2018-11-12 00:00:00', 'Coupe couture', NULL, NULL, NULL, NULL, '2018-11-01 00:00:00', NULL, 'CASH', 'CC0012', 11, 359, 1, 0, 0, 0, 0),
(73, 108, 'charges divers', 5, '2018-11-12 00:00:00', 'Coupe couture', NULL, NULL, NULL, NULL, '2018-11-12 00:00:00', NULL, 'CASH', 'CC0013', 11, 362, 1, 0, 0, 0, 0),
(74, 108, 'Honoraires divers', 196, '2018-11-13 00:00:00', 'Coupe couture', NULL, NULL, NULL, NULL, '2018-11-12 00:00:00', NULL, 'CASH', 'CC0014', 11, 360, 1, 0, 0, 0, 0),
(75, 108, 'Contribution Admin Centrale', 36, '2018-11-13 00:00:00', 'Coupe couture', NULL, NULL, NULL, NULL, '2018-11-15 00:00:00', NULL, 'CASH', 'CC0015', 11, 361, 1, 0, 0, 0, 0),
(76, 108, 'Fournitures de bureau', 5, '2018-12-01 00:00:00', 'Coupe couture', NULL, NULL, NULL, NULL, '2018-12-12 00:00:00', NULL, 'CASH', 'CC0016', 11, 533, 1, 0, 0, 0, 0),
(77, 108, 'charges divers', 5, '2018-12-13 00:00:00', 'Coupe couture', NULL, NULL, NULL, NULL, '2018-12-02 00:00:00', NULL, 'CASH', 'CC0017', 11, 362, 1, 0, 0, 0, 0),
(78, 108, 'Honoraires divers', 120, '2018-12-13 00:00:00', 'Coupe couture', NULL, NULL, NULL, NULL, '2018-12-12 00:00:00', NULL, 'CASH', 'CC0018', 11, 360, 1, 0, 0, 0, 0),
(79, 108, 'Contribution Admin Centrale', 40, '2018-12-13 00:00:00', 'Coupe couture', NULL, NULL, NULL, NULL, '2018-12-10 00:00:00', NULL, 'CASH', 'CC0019', 11, 361, 1, 0, 0, 0, 0),
(80, 108, 'charges divers', 269.62, '2018-12-13 00:00:00', 'Coupe couture', NULL, NULL, NULL, NULL, '2018-12-12 00:00:00', NULL, 'CASH', 'CC0020', 11, 362, 1, 0, 0, 0, 0),
(81, 110, 'Fournitures de bureau', 11.87, '2018-09-13 00:00:00', 'Creche', NULL, NULL, NULL, NULL, '2018-09-02 00:00:00', NULL, 'CASH', 'CRC07', 31, 368, 1, 0, 0, 0, 0),
(82, 110, 'Achat aliment', 230, '2018-09-13 00:00:00', 'Creche', NULL, NULL, NULL, NULL, '2018-09-02 00:00:00', NULL, 'CASH', 'CRC08', 31, 369, 1, 0, 0, 0, 0),
(83, 110, 'Communication', 5, '2018-09-13 00:00:00', 'Creche', NULL, NULL, NULL, NULL, '2018-09-02 00:00:00', NULL, 'CASH', 'CRC09', 31, 372, 1, 0, 0, 0, 0),
(84, 110, 'charges divers', 580.85, '2018-09-13 00:00:00', 'Creche', NULL, NULL, NULL, NULL, '2018-09-02 00:00:00', NULL, 'CASH', 'CRC0010', 31, 376, 1, 0, 0, 0, 0),
(85, 110, 'Honoraires divers', 155.5, '2018-09-13 00:00:00', 'Creche', NULL, NULL, NULL, NULL, '2018-09-03 00:00:00', NULL, 'CASH', 'CRC0011', 31, 377, 1, 0, 0, 0, 0),
(86, 110, 'Fournitures de bureau', 1.5, '2018-11-13 00:00:00', 'Creche', NULL, NULL, NULL, NULL, '2018-11-12 00:00:00', NULL, 'CASH', 'CRC0012', 31, 368, 1, 0, 0, 0, 0),
(87, 110, 'Achat aliment', 162.35, '2018-11-13 00:00:00', 'Creche', NULL, NULL, NULL, NULL, '2018-11-12 00:00:00', NULL, 'CASH', 'CRC0013', 31, 369, 1, 0, 0, 0, 0),
(88, 110, 'Produit entretien', 3, '2018-11-13 00:00:00', 'Creche', NULL, NULL, NULL, NULL, '2018-11-12 00:00:00', NULL, 'CASH', 'CRC0014', 31, 370, 1, 0, 0, 0, 0),
(89, 110, 'buanderie', 10, '2018-11-13 00:00:00', 'Creche', NULL, NULL, NULL, NULL, '2018-11-15 00:00:00', NULL, 'CASH', 'CRC0015', 31, 374, 1, 0, 0, 0, 0),
(90, 110, 'Contribution Admin Centrale', 74, '2018-11-13 00:00:00', 'Creche', NULL, NULL, NULL, NULL, '2018-11-15 00:00:00', NULL, 'CASH', 'CRC0016', 31, 375, 1, 0, 0, 0, 0),
(91, 110, 'Honoraires divers', 510, '2018-11-13 00:00:00', 'Creche', NULL, NULL, NULL, NULL, '2018-11-19 00:00:00', NULL, 'CASH', 'CRC0017', 31, 377, 1, 0, 0, 0, 0),
(92, 110, 'Fournitures de bureau', 9.3, '2018-12-14 00:00:00', 'Creche', NULL, NULL, NULL, NULL, '2018-12-12 00:00:00', NULL, 'CASH', 'CRC0018', 31, 368, 1, 0, 0, 0, 0),
(93, 110, 'Achat aliment', 119.1, '2018-12-14 00:00:00', 'Creche', NULL, NULL, NULL, NULL, '2018-12-01 00:00:00', NULL, 'CASH', 'CRC0019', 31, 369, 1, 0, 0, 0, 0),
(94, 110, 'Produit entretien', 3, '2018-12-14 00:00:00', 'Creche', NULL, NULL, NULL, NULL, '2018-12-16 00:00:00', NULL, 'CASH', 'CRC0020', 31, 370, 1, 0, 0, 0, 0),
(95, 110, 'Contribution Admin Centrale', 100, '2018-12-14 00:00:00', 'Creche', NULL, NULL, NULL, NULL, '2018-12-13 00:00:00', NULL, 'CASH', 'CRC0021', 31, 375, 1, 0, 0, 0, 0),
(96, 110, 'Charges divers', 70, '2018-12-14 00:00:00', 'Creche', NULL, NULL, NULL, NULL, '2018-12-12 00:00:00', NULL, 'CASH', 'CRC0022', 31, 376, 1, 0, 0, 0, 0),
(97, 110, 'Salaire', 319.9, '2018-12-14 00:00:00', 'Creche', NULL, NULL, NULL, NULL, '2018-12-16 00:00:00', NULL, 'CASH', 'CRC0023', 31, 377, 1, 0, 0, 0, 0),
(98, 110, 'Fournitures', 2.5, '2019-01-14 00:00:00', 'Creche', NULL, NULL, NULL, NULL, '2019-01-06 00:00:00', NULL, 'CASH', 'CRC0024', 31, 368, 1, 0, 0, 0, 0),
(99, 111, 'Achat aliment', 3108.02, '2018-09-14 00:00:00', 'RESTO JOVIAL', NULL, NULL, NULL, NULL, '2018-09-05 00:00:00', NULL, 'CASH', 'RSTJ08', 32, 381, 1, 0, 0, 0, 0),
(100, 111, 'Achat aliment', 21.75, '2018-09-14 00:00:00', 'RESTO JOVIAL', NULL, NULL, NULL, NULL, '2018-09-06 00:00:00', NULL, 'CASH', 'RSTJ09', 32, 382, 1, 0, 0, 0, 0),
(101, 111, 'Honoraires divers', 8.7, '2018-09-14 00:00:00', 'RESTO JOVIAL', NULL, NULL, NULL, NULL, '2018-09-06 00:00:00', NULL, 'CASH', 'RSTJ010', 32, 384, 1, 0, 0, 0, 0),
(102, 111, 'Materils', 43, '2018-11-14 00:00:00', 'RESTO JOVIAL', NULL, NULL, NULL, NULL, '2018-11-02 00:00:00', NULL, 'CASH', 'RSTJ011', 32, 380, 1, 0, 0, 0, 0),
(103, 111, 'Achat aliment', 4753.28, '2018-11-14 00:00:00', 'RESTO JOVIAL', NULL, NULL, NULL, NULL, '2018-11-03 00:00:00', NULL, 'CASH', 'RSTJ012', 32, 381, 1, 0, 0, 0, 0),
(104, 111, 'Fournitures de bureau', 5, '2018-11-14 00:00:00', 'RESTO JOVIAL', NULL, NULL, NULL, NULL, '2018-11-12 00:00:00', NULL, 'CASH', 'RSTJ013', 32, 382, 1, 0, 0, 0, 0),
(105, 111, 'Honoraires divers', 280, '2018-11-14 00:00:00', 'RESTO JOVIAL', NULL, NULL, NULL, NULL, '2018-11-06 00:00:00', NULL, 'CASH', 'RSTJ014', 32, 384, 1, 0, 0, 0, 0),
(106, 111, 'Contribution Admin Centrale', 42, '2018-11-14 00:00:00', 'RESTO JOVIAL', NULL, NULL, NULL, NULL, '2018-11-15 00:00:00', NULL, 'CASH', 'RSTJ015', 32, 385, 1, 0, 0, 0, 0),
(107, 111, 'charges divers', 130, '2018-11-14 00:00:00', 'RESTO JOVIAL', NULL, NULL, NULL, NULL, '2018-11-12 00:00:00', NULL, 'CASH', 'RSTJ016', 32, 386, 1, 0, 0, 0, 0),
(108, 111, 'Achat aliment', 3854.89, '2018-12-14 00:00:00', 'RESTO JOVIAL', NULL, NULL, NULL, NULL, '2018-12-13 00:00:00', NULL, 'CASH', 'RSTJ017', 32, 381, 1, 0, 0, 0, 0),
(109, 111, 'Fournitures de bureau', 1.5, '2018-12-14 00:00:00', 'RESTO JOVIAL', NULL, NULL, NULL, NULL, '2018-12-12 00:00:00', NULL, 'CASH', 'RSTJ018', 32, 382, 1, 0, 0, 0, 0),
(110, 111, 'Communication', 2.5, '2018-12-14 00:00:00', 'RESTO JOVIAL', NULL, NULL, NULL, NULL, '2018-12-16 00:00:00', NULL, 'CASH', 'RSTJ019', 32, 383, 1, 0, 0, 0, 0),
(111, 111, 'Honoraires divers', 390, '2018-12-14 00:00:00', 'RESTO JOVIAL', NULL, NULL, NULL, NULL, '2018-12-12 00:00:00', NULL, 'CASH', 'RSTJ020', 32, 384, 1, 0, 0, 0, 0),
(112, 111, 'Contribution Admin Centrale', 59.35, '2018-12-14 00:00:00', 'RESTO JOVIAL', NULL, NULL, NULL, NULL, '2018-12-16 00:00:00', NULL, 'CASH', 'RSTJ021', 32, 385, 1, 0, 0, 0, 0),
(113, 111, 'charges divers', 150, '2018-12-14 00:00:00', 'RESTO JOVIAL', NULL, NULL, NULL, NULL, '2018-12-13 00:00:00', NULL, 'CASH', 'RSTJ022', 32, 386, 1, 0, 0, 0, 0),
(115, 93, 'Frais cartouche ordinateur FT', 50, '2018-10-01 00:00:00', 'FT02', NULL, NULL, NULL, NULL, '2018-10-01 00:00:00', NULL, 'CASH', 'FT02 11', 28, 159, 1, 1, 1, 1, 1),
(116, 93, 'Restau prof Maison de passe', 100, '2018-10-30 00:00:00', 'FMED', NULL, NULL, NULL, NULL, '2018-10-30 00:00:00', NULL, 'CASH', 'FMED 510', 24, 301, 1, 1, 1, 1, 1),
(117, 93, 'restau prof visiteurs FSTA', 50, '2018-10-25 00:00:00', 'FSTA', NULL, NULL, NULL, NULL, '2018-10-25 00:00:00', NULL, 'CASH', 'FSTA 418', 27, 278, 1, 1, 1, 1, 1),
(118, 93, 'restau CT Mwabi FSTA Rudolf', 14, '2018-10-26 00:00:00', 'FSTA', NULL, NULL, NULL, NULL, '2018-10-26 00:00:00', NULL, 'CASH', 'FSTA 459', 27, 278, 1, 1, 1, 1, 1),
(119, 93, 'billet Kin Goma prof Mputu FEM', 320, '2018-10-29 00:00:00', 'FMED', NULL, NULL, NULL, NULL, '2018-10-29 00:00:00', NULL, 'CASH', 'FMED 482', 24, 303, 1, 1, 1, 1, 1),
(120, 93, 'billet prof Kasoro FSTA', 268, '2018-10-19 00:00:00', 'FSTA', NULL, NULL, NULL, NULL, '2018-10-19 00:00:00', NULL, 'CASH', 'FSTA 288', 27, 280, 1, 1, 1, 1, 1),
(121, 93, 'Billet CT Ngama Mwabi FSTA', 20, '2018-10-24 00:00:00', 'FSTA', NULL, NULL, NULL, NULL, '2018-10-24 00:00:00', NULL, 'CASH', 'FSTA 401', 27, 280, 1, 1, 1, 1, 1),
(122, 93, 'Frais de representation Rec/Serges', 5, '2018-10-15 00:00:00', 'FSDC', NULL, NULL, NULL, NULL, '2018-10-15 00:00:00', NULL, 'CASH', 'FSDC 243', 26, 543, 1, 1, 1, 1, 1),
(123, 93, 'acompte Honoraires Butoa FSTA', 300, '2018-10-23 00:00:00', 'FSTA', NULL, NULL, NULL, NULL, '2018-10-23 00:00:00', NULL, 'CASH', 'FSTA 374', 27, 284, 1, 1, 1, 1, 1),
(124, 93, 'Honoraires Prof Habasikiake FT', 280, '2018-10-31 00:00:00', 'FT02', NULL, NULL, NULL, NULL, '2018-10-31 00:00:00', NULL, 'CASH', 'FT02 533', 28, 168, 1, 1, 1, 1, 1),
(125, 93, 'Paiement suivi bibliothŠque 09/2018', 50, '2018-10-16 00:00:00', 'FT02', NULL, NULL, NULL, NULL, '2018-10-16 00:00:00', NULL, 'CASH', 'FT02 253', 28, 182, 1, 1, 1, 1, 1),
(126, 93, 'pmt salaire mois d\'octobre 18 FD', 9944, '2018-10-20 00:00:00', 'FD02FACDROIT', NULL, NULL, NULL, NULL, '2018-10-20 00:00:00', NULL, 'CASH', 'FD02FACDROIT 1', 22, 202, 1, 1, 1, 1, 1),
(127, 93, 'pmt salaire mois d\'octobre 18 FMED', 2427, '2018-10-20 00:00:00', 'FMED', NULL, NULL, NULL, NULL, '2018-10-20 00:00:00', NULL, 'CASH', 'FMED 1', 24, 318, 1, 1, 1, 1, 1),
(128, 93, 'pmt salaire mois d\'octobre 2018 FPS', 5510, '2018-10-20 00:00:00', 'FPSE', NULL, NULL, NULL, NULL, '2018-10-20 00:00:00', NULL, 'CASH', 'FPSE 1', 25, 271, 1, 1, 1, 1, 1),
(129, 93, 'pmt salaire mois d\'octobre 18 FSDC', 6758, '2018-10-20 00:00:00', 'FSDC', NULL, NULL, NULL, NULL, '2018-10-20 00:00:00', NULL, 'CASH', 'FSDC 1', 26, 248, 1, 1, 1, 1, 1),
(130, 93, 'salaire agent en form Kisonia 04-05', 200, '2018-10-05 00:00:00', 'FSEG', NULL, NULL, NULL, NULL, '2018-10-05 00:00:00', NULL, 'CASH', 'FSEG 101', 23, 224, 1, 1, 1, 1, 1),
(131, 93, 'pmt salaire mois d\'octobre 18 FSEG', 9664, '2018-10-20 00:00:00', 'FSEG', NULL, NULL, NULL, NULL, '2018-10-20 00:00:00', NULL, 'CASH', 'FSEG 1', 23, 224, 1, 1, 1, 1, 1),
(132, 93, 'Salaire agent en form Kison fev mar', 200, '2018-10-30 00:00:00', 'FSEG', NULL, NULL, NULL, NULL, '2018-10-30 00:00:00', NULL, 'CASH', 'FSEG 511', 23, 224, 1, 1, 1, 1, 1),
(133, 93, 'pmt salaire mois d\'octobre 18 FSTA', 4426, '2018-10-20 00:00:00', 'FSTA', NULL, NULL, NULL, NULL, '2018-10-20 00:00:00', NULL, 'CASH', 'FSTA 1', 27, 291, 1, 1, 1, 1, 1),
(134, 93, 'salaire agent en formation Am—boko', 130, '2018-10-24 00:00:00', 'FSTA', NULL, NULL, NULL, NULL, '2018-10-24 00:00:00', NULL, 'CASH', 'FSTA 399', 27, 291, 1, 1, 1, 1, 1),
(135, 93, 'Contribution Mariage Raoul Baguma', 100, '2018-10-25 00:00:00', 'FSTA', NULL, NULL, NULL, NULL, '2018-10-25 00:00:00', NULL, 'CASH', 'FSTA 417', 27, 291, 1, 1, 1, 1, 1),
(136, 93, 'pmt salaire mois d\'octobre 2018 FT', 10758, '2018-10-20 00:00:00', 'FT02', NULL, NULL, NULL, NULL, '2018-10-20 00:00:00', NULL, 'CASH', 'FT02 1', 28, 178, 1, 1, 1, 1, 1),
(137, 93, 'adhésion Musacom Fam Byamungu Rob', 275, '2018-10-26 00:00:00', 'FT02', NULL, NULL, NULL, NULL, '2018-10-26 00:00:00', NULL, 'CASH', 'FT02 445', 28, 179, 1, 1, 1, 1, 1),
(138, 93, 'Frais fourniture de bureau SDC', 22.5, '2018-11-23 00:00:00', 'FSDC', NULL, NULL, NULL, NULL, '2018-11-23 00:00:00', NULL, 'CASH', 'FSDC 990', 26, 232, 1, 1, 1, 1, 1),
(139, 93, 'Fournitures de bureau FSEG', 65, '2018-11-23 00:00:00', 'FSEG', NULL, NULL, NULL, NULL, '2018-11-23 00:00:00', NULL, 'CASH', 'FSEG 995', 23, 207, 1, 1, 1, 1, 1),
(140, 93, 'restau prof visiteurs FM et FSTA', 50, '2018-11-07 00:00:00', 'FMED', NULL, NULL, NULL, NULL, '2018-11-07 00:00:00', NULL, 'CASH', 'FMED 650', 24, 301, 1, 1, 1, 1, 1),
(141, 93, 'restau visiteurs MP1 FMed', 100, '2018-11-14 00:00:00', 'FMED', NULL, NULL, NULL, NULL, '2018-11-14 00:00:00', NULL, 'CASH', 'FMED 801', 24, 301, 1, 1, 1, 1, 1),
(142, 93, 'Restau Prof visiteurs FSTA& MED', 60, '2018-11-20 00:00:00', 'FMED', NULL, NULL, NULL, NULL, '2018-11-20 00:00:00', NULL, 'CASH', 'FMED 904', 24, 301, 1, 1, 1, 1, 1),
(143, 93, 'restau prof visiteurs guest house', 40, '2018-11-26 00:00:00', 'FMED', NULL, NULL, NULL, NULL, '2018-11-26 00:00:00', NULL, 'CASH', 'FMED 1027', 24, 301, 1, 1, 1, 1, 1),
(144, 93, 'restau prof visiteurs guest house', 40, '2018-11-26 00:00:00', 'FPSE', NULL, NULL, NULL, NULL, '2018-11-26 00:00:00', NULL, 'CASH', 'FPSE 1027', 25, 257, 1, 1, 1, 1, 1),
(145, 93, 'restau prof visiteurs guest house', 40, '2018-11-26 00:00:00', 'FSDC', NULL, NULL, NULL, NULL, '2018-11-26 00:00:00', NULL, 'CASH', 'FSDC 1027', 26, 233, 1, 1, 1, 1, 1),
(146, 93, 'restau CT lilama FSEG', 48, '2018-11-20 00:00:00', 'FSEG', NULL, NULL, NULL, NULL, '2018-11-20 00:00:00', NULL, 'CASH', 'FSEG 913', 23, 209, 1, 1, 1, 1, 1),
(147, 93, 'restau prof visiteurs FM et FSTA', 50, '2018-11-07 00:00:00', 'FSTA', NULL, NULL, NULL, NULL, '2018-11-07 00:00:00', NULL, 'CASH', 'FSTA 650', 27, 278, 1, 1, 1, 1, 1),
(148, 93, 'restau CT Mwabi au restau', 68, '2018-11-09 00:00:00', 'FSTA', NULL, NULL, NULL, NULL, '2018-11-09 00:00:00', NULL, 'CASH', 'FSTA 704', 27, 278, 1, 1, 1, 1, 1),
(149, 93, 'Restau Prof visiteurs FSTA& MED', 60, '2018-11-20 00:00:00', 'FSTA', NULL, NULL, NULL, NULL, '2018-11-20 00:00:00', NULL, 'CASH', 'FSTA 904', 27, 278, 1, 1, 1, 1, 1),
(150, 93, 'Restau Equipe du Projet sc Biblique', 35, '2018-11-21 00:00:00', 'FT02', NULL, NULL, NULL, NULL, '2018-11-21 00:00:00', NULL, 'CASH', 'FT02 942', 28, 163, 1, 1, 1, 1, 1),
(151, 93, 'carburant groupe electrogŠne FMed', 20, '2018-11-30 00:00:00', 'FMED', NULL, NULL, NULL, NULL, '2018-11-30 00:00:00', NULL, 'CASH', 'FMED 1123', 24, 300, 1, 1, 1, 1, 1),
(152, 93, 'carburant descente FSDC', 15, '2018-11-15 00:00:00', 'FSDC', NULL, NULL, NULL, NULL, '2018-11-15 00:00:00', NULL, 'CASH', 'FSDC 809', 26, 544, 1, 1, 1, 1, 1),
(153, 93, 'Billet Bambie Kigali prof Yassa', 320, '2018-11-06 00:00:00', 'FMED', NULL, NULL, NULL, NULL, '2018-11-06 00:00:00', NULL, 'CASH', 'FMED 623', 24, 303, 1, 1, 1, 1, 1),
(154, 93, 'Billet Balezi Ziharlirwa FMED', 46, '2018-11-09 00:00:00', 'FMED', NULL, NULL, NULL, NULL, '2018-11-09 00:00:00', NULL, 'CASH', 'FMED 709', 24, 303, 1, 1, 1, 1, 1),
(155, 93, 'Frais parking prof Andreas', 5, '2018-11-13 00:00:00', 'FMED', NULL, NULL, NULL, NULL, '2018-11-13 00:00:00', NULL, 'CASH', 'FMED 759', 24, 303, 1, 1, 1, 1, 1),
(156, 93, 'Billet Hypolihe Mavoko Fmed', 320, '2018-11-14 00:00:00', 'FMED', NULL, NULL, NULL, NULL, '2018-11-14 00:00:00', NULL, 'CASH', 'FMED 797', 24, 303, 1, 1, 1, 1, 1),
(157, 93, 'Parking Andreas FMED', 10, '2018-11-14 00:00:00', 'FMED', NULL, NULL, NULL, NULL, '2018-11-14 00:00:00', NULL, 'CASH', 'FMED 803', 24, 303, 1, 1, 1, 1, 1),
(158, 93, 'Billet retour Goma Kin mputu FEMD', 320, '2018-11-20 00:00:00', 'FMED', NULL, NULL, NULL, NULL, '2018-11-20 00:00:00', NULL, 'CASH', 'FMED 903', 24, 303, 1, 1, 1, 1, 1),
(159, 93, 'Billet Prof Juakali Fmed', 235, '2018-11-21 00:00:00', 'FMED', NULL, NULL, NULL, NULL, '2018-11-21 00:00:00', NULL, 'CASH', 'FMED 936', 24, 303, 1, 1, 1, 1, 1),
(160, 93, 'frais taxi aéroport prof Mavoko', 20, '2018-11-26 00:00:00', 'FMED', NULL, NULL, NULL, NULL, '2018-11-26 00:00:00', NULL, 'CASH', 'FMED 1021', 24, 303, 1, 1, 1, 1, 1),
(161, 93, 'Billet Prof Kitenge FPSE', 320, '2018-11-21 00:00:00', 'FPSE', NULL, NULL, NULL, NULL, '2018-11-21 00:00:00', NULL, 'CASH', 'FPSE 937', 25, 259, 1, 1, 1, 1, 1),
(162, 93, 'billet retour CT Mwabi Ngama FSTA', 25, '2018-11-20 00:00:00', 'FSTA', NULL, NULL, NULL, NULL, '2018-11-20 00:00:00', NULL, 'CASH', 'FSTA 912', 27, 280, 1, 1, 1, 1, 1),
(163, 93, 'Honoraires Prof Mputu Medecine', 1800, '2018-11-23 00:00:00', 'FMED', NULL, NULL, NULL, NULL, '2018-11-23 00:00:00', NULL, 'CASH', 'FMED 1006', 24, 307, 1, 1, 1, 1, 1),
(164, 93, 'Honoraires prf HABASIKIAKE', 370, '2018-11-27 00:00:00', 'FMED', NULL, NULL, NULL, NULL, '2018-11-27 00:00:00', NULL, 'CASH', 'FMED 1046', 24, 307, 1, 1, 1, 1, 1),
(165, 93, 'Honoraires prof Habasikiake FPSE', 190, '2018-11-30 00:00:00', 'FPSE', NULL, NULL, NULL, NULL, '2018-11-30 00:00:00', NULL, 'CASH', 'FPSE 1129', 25, 263, 1, 1, 1, 1, 1),
(166, 93, 'Honoraires CT Lilama EG', 250, '2018-11-21 00:00:00', 'FSEG', NULL, NULL, NULL, NULL, '2018-11-21 00:00:00', NULL, 'CASH', 'FSEG 935', 23, 215, 1, 1, 1, 1, 1),
(167, 93, 'Honoraires CT Makasi Ngesera FSEG', 250, '2018-11-26 00:00:00', 'FSEG', NULL, NULL, NULL, NULL, '2018-11-26 00:00:00', NULL, 'CASH', 'FSEG 1030', 23, 215, 1, 1, 1, 1, 1),
(168, 93, 'Honoraires CT Mwabi FSTA', 1440, '2018-11-20 00:00:00', 'FSTA', NULL, NULL, NULL, NULL, '2018-11-20 00:00:00', NULL, 'CASH', 'FSTA 901', 27, 284, 1, 1, 1, 1, 1),
(169, 93, 'Honor Prof Kahongya FT', 360, '2018-11-06 00:00:00', 'FT02', NULL, NULL, NULL, NULL, '2018-11-06 00:00:00', NULL, 'CASH', 'FT02 617', 28, 239, 1, 1, 1, 1, 1),
(170, 93, 'Honoraries prof Kahongya FT', 360, '2018-11-09 00:00:00', 'FT02', NULL, NULL, NULL, NULL, '2018-11-09 00:00:00', NULL, 'CASH', 'FT02 710', 28, 239, 1, 1, 1, 1, 1),
(171, 93, 'Fres soins étudiants FT', 10, '2018-11-13 00:00:00', 'FT02', NULL, NULL, NULL, NULL, '2018-11-13 00:00:00', NULL, 'CASH', 'FT02 760', 28, 182, 1, 1, 1, 1, 1),
(172, 93, 'Prestations Biblith Mirenge oct18', 50, '2018-11-14 00:00:00', 'FT02', NULL, NULL, NULL, NULL, '2018-11-14 00:00:00', NULL, 'CASH', 'FT02 798', 28, 182, 1, 1, 1, 1, 1),
(173, 93, 'Rembt fres soins étud TSWANGA FT', 18, '2018-11-30 00:00:00', 'FT02', NULL, NULL, NULL, NULL, '2018-11-30 00:00:00', NULL, 'CASH', 'FT02 1130', 28, 182, 1, 1, 1, 1, 1),
(174, 93, 'Salaire Akongwa Mugomb oct18', 398, '2018-11-08 00:00:00', 'FD02FACDROIT', NULL, NULL, NULL, NULL, '2018-11-08 00:00:00', NULL, 'CASH', 'FD02FACDROIT 687', 22, 202, 1, 1, 1, 1, 1),
(175, 93, 'Pmt salaire  novembre 2018', 11047, '2018-11-20 00:00:00', 'FD02FACDROIT', NULL, NULL, NULL, NULL, '2018-11-20 00:00:00', NULL, 'OD01', 'FD02FACDROIT 2', 22, 202, 1, 1, 1, 1, 1),
(176, 93, 'Commission paie salaire', 274.46, '2018-11-23 00:00:00', 'FD02FACDROIT', NULL, NULL, NULL, NULL, '2018-11-23 00:00:00', NULL, 'PROCRE', 'FD02FACDROIT 79', 22, 202, 1, 1, 1, 1, 1),
(177, 93, 'Pmt salaire  novembre 2018', 2427, '2018-11-20 00:00:00', 'FMED', NULL, NULL, NULL, NULL, '2018-11-20 00:00:00', NULL, 'OD01', 'FMED 2', 24, 318, 1, 1, 1, 1, 1),
(178, 93, 'Prime  décanal Mavoko juil-oct 2018', 400, '2018-11-29 00:00:00', 'FMED', NULL, NULL, NULL, NULL, '2018-11-29 00:00:00', NULL, 'CASH', 'FMED 1107', 24, 318, 1, 1, 1, 1, 1),
(179, 93, 'solde decompte final Pr Mwendapole ', 2737.27, '2018-11-08 00:00:00', 'FPSE', NULL, NULL, NULL, NULL, '2018-11-08 00:00:00', NULL, 'CASH', 'FPSE 692', 25, 271, 1, 1, 1, 1, 1),
(180, 93, 'prime SAF Mazambi Pala', 100, '2018-11-13 00:00:00', 'FPSE', NULL, NULL, NULL, NULL, '2018-11-13 00:00:00', NULL, 'CASH', 'FPSE 757', 25, 271, 1, 1, 1, 1, 1),
(181, 93, 'Pmt salaire  novembre 2018', 5518, '2018-11-20 00:00:00', 'FPSE', NULL, NULL, NULL, NULL, '2018-11-20 00:00:00', NULL, 'OD01', 'FPSE 2', 25, 271, 1, 1, 1, 1, 1),
(182, 93, 'Prime SAP FPSE aout nov Pala', 100, '2018-11-29 00:00:00', 'FPSE', NULL, NULL, NULL, NULL, '2018-11-29 00:00:00', NULL, 'CASH', 'FPSE 1097', 25, 271, 1, 1, 1, 1, 1),
(183, 93, 'salaire agent en formation Lévis ', 130, '2018-11-07 00:00:00', 'FSDC', NULL, NULL, NULL, NULL, '2018-11-07 00:00:00', NULL, 'CASH', 'FSDC 645', 26, 248, 1, 1, 1, 1, 1),
(184, 93, 'Pmt salaire  novembre 2018', 6758, '2018-11-20 00:00:00', 'FSDC', NULL, NULL, NULL, NULL, '2018-11-20 00:00:00', NULL, 'OD01', 'FSDC 2', 26, 248, 1, 1, 1, 1, 1),
(185, 93, 'Salaire agent en formation Levis ds', 130, '2018-11-29 00:00:00', 'FSDC', NULL, NULL, NULL, NULL, '2018-11-29 00:00:00', NULL, 'CASH', 'FSDC 1094', 26, 248, 1, 1, 1, 1, 1),
(186, 93, 'Salaire agent en formation oct Musa', 100, '2018-11-02 00:00:00', 'FSEG', NULL, NULL, NULL, NULL, '2018-11-02 00:00:00', NULL, 'CASH', 'FSEG 567', 23, 224, 1, 1, 1, 1, 1),
(187, 93, 'Pmt commission  salaire oct 2018', 78.77, '2018-11-02 00:00:00', 'FSEG', NULL, NULL, NULL, NULL, '2018-11-02 00:00:00', NULL, 'PROCRE', 'FSEG 38', 23, 224, 1, 1, 1, 1, 1),
(188, 93, 'Pmt salaire  novembre 2018', 9664, '2018-11-20 00:00:00', 'FSEG', NULL, NULL, NULL, NULL, '2018-11-20 00:00:00', NULL, 'OD01', 'FSEG 2', 23, 224, 1, 1, 1, 1, 1),
(189, 93, 'salaire agent en formation Kisonia ', 500, '2018-11-30 00:00:00', 'FSEG', NULL, NULL, NULL, NULL, '2018-11-30 00:00:00', NULL, 'CASH', 'FSEG 1131', 23, 224, 1, 1, 1, 1, 1),
(190, 93, 'Pmt salaire  novembre 2018', 4444, '2018-11-20 00:00:00', 'FSTA', NULL, NULL, NULL, NULL, '2018-11-20 00:00:00', NULL, 'OD01', 'FSTA 2', 27, 291, 1, 1, 1, 1, 1),
(191, 93, 'assist mariage SEM Bisimwa', 100, '2018-11-22 00:00:00', 'FSTA', NULL, NULL, NULL, NULL, '2018-11-22 00:00:00', NULL, 'CASH', 'FSTA 965', 27, 291, 1, 1, 1, 1, 1),
(192, 93, 'salaire agent en formation nov 18', 130, '2018-11-26 00:00:00', 'FSTA', NULL, NULL, NULL, NULL, '2018-11-26 00:00:00', NULL, 'CASH', 'FSTA 1028', 27, 291, 1, 1, 1, 1, 1),
(193, 93, 'Pmt salaire  novembre 2018', 11218, '2018-11-20 00:00:00', 'FT02', NULL, NULL, NULL, NULL, '2018-11-20 00:00:00', NULL, 'OD01', 'FT02 2', 28, 178, 1, 1, 1, 1, 1),
(194, 93, 'pmt 10 % soins au CHU', 370, '2018-11-07 00:00:00', 'FD02FACDROIT', NULL, NULL, NULL, NULL, '2018-11-07 00:00:00', NULL, 'CASH', 'FD02FACDROIT 649', 22, 203, 1, 1, 1, 1, 1),
(195, 93, 'Fres SH Himbi sept oct2018', 20, '2018-11-16 00:00:00', 'FPSE', NULL, NULL, NULL, NULL, '2018-11-16 00:00:00', NULL, 'CASH', 'FPSE 856', 25, 272, 1, 1, 1, 1, 1),
(196, 93, 'pmt Mutuelle de santé', 1000, '2018-11-05 00:00:00', 'FSDC', NULL, NULL, NULL, NULL, '2018-11-05 00:00:00', NULL, 'CASH', 'FSDC 585', 26, 249, 1, 1, 1, 1, 1),
(197, 93, 'pmt Mutuelle de santé', 1000, '2018-11-05 00:00:00', 'FSEG', NULL, NULL, NULL, NULL, '2018-11-05 00:00:00', NULL, 'CASH', 'FSEG 585', 23, 225, 1, 1, 1, 1, 1),
(198, 93, 'Abonnement musaco— Byamungu', 830, '2018-11-06 00:00:00', 'FT02', NULL, NULL, NULL, NULL, '2018-11-06 00:00:00', NULL, 'CASH', 'FT02 606', 28, 179, 1, 1, 1, 1, 1),
(199, 93, 'Frais de descente terrain SDC', 600, '2018-11-16 00:00:00', 'FSDC', NULL, NULL, NULL, NULL, '2018-11-16 00:00:00', NULL, 'CASH', 'FSDC 862', 26, 252, 1, 1, 1, 1, 1),
(200, 93, 'Frais descente sur terrain sdc', 600, '2018-11-23 00:00:00', 'FSDC', NULL, NULL, NULL, NULL, '2018-11-23 00:00:00', NULL, 'CASH', 'FSDC 994', 26, 252, 1, 1, 1, 1, 1),
(201, 93, 'Frais descente terrain SDC', 600, '2018-11-29 00:00:00', 'FSDC', NULL, NULL, NULL, NULL, '2018-11-29 00:00:00', NULL, 'CASH', 'FSDC 1105', 26, 252, 1, 1, 1, 1, 1);

-- --------------------------------------------------------

--
-- Structure de la table `detaildepense`
--

DROP TABLE IF EXISTS `detaildepense`;
CREATE TABLE IF NOT EXISTS `detaildepense` (
  `id` int(11) NOT NULL AUTO_INCREMENT,
  `lignebudgetdepense_id` int(11) NOT NULL,
  `lignebudgetsource_id` int(11) DEFAULT NULL,
  `montantdetail` double NOT NULL,
  `modepayement` varchar(255) COLLATE utf8mb4_unicode_ci NOT NULL,
  `descriptiondetaildepense` varchar(255) COLLATE utf8mb4_unicode_ci DEFAULT NULL,
  `depense_id_id` int(11) NOT NULL,
  `create_at` datetime DEFAULT NULL,
  `caisse_centrale_id` int(11) DEFAULT NULL,
  PRIMARY KEY (`id`),
  KEY `IDX_DFFC694FAB129A21` (`lignebudgetdepense_id`),
  KEY `IDX_DFFC694F8AF467E5` (`lignebudgetsource_id`),
  KEY `IDX_DFFC694F936D0CFA` (`depense_id_id`),
  KEY `IDX_DFFC694F951529E3` (`caisse_centrale_id`)
) ENGINE=InnoDB AUTO_INCREMENT=206 DEFAULT CHARSET=utf8mb4 COLLATE=utf8mb4_unicode_ci;

--
-- Déchargement des données de la table `detaildepense`
--

INSERT INTO `detaildepense` (`id`, `lignebudgetdepense_id`, `lignebudgetsource_id`, `montantdetail`, `modepayement`, `descriptiondetaildepense`, `depense_id_id`, `create_at`, `caisse_centrale_id`) VALUES
(1, 359, 354, 75, 'CASH', 'entretien  machine', 1, '2018-09-02 00:00:00', NULL),
(2, 533, 355, 10, 'CHEQUE', 'Fourniture', 2, '2018-09-06 00:00:00', NULL),
(3, 232, 119, 35, 'CHEQUE', 'achat papier', 3, '2018-10-19 00:00:00', NULL),
(4, 253, 534, 230, 'CASH', 'achat matérielle', 4, '2018-10-05 00:00:00', NULL),
(5, 254, 132, 7.6, 'CASH', 'achat rame papiers', 5, '2018-10-15 00:00:00', NULL),
(6, 258, 128, 190, 'CASH', 'frais reunion', 6, '2018-10-17 00:00:00', NULL),
(7, 274, 535, 16, 'CASH', 'Materiel du bureau', 7, '2018-10-10 00:00:00', NULL),
(8, 275, 535, 125, 'CASH', 'Fournitures', 8, '2018-10-24 00:00:00', NULL),
(9, 279, 135, 35, 'CASH', 'déliberation', 9, '2018-10-25 00:00:00', NULL),
(10, 281, 135, 2, 'CASH', 'transport', 10, '2018-10-26 00:00:00', NULL),
(11, 283, 535, 205, 'CASH', 'décanat', 11, '2018-10-26 00:00:00', NULL),
(12, 286, 135, 35, 'CASH', 'RAS', 12, '2018-10-31 00:00:00', NULL),
(13, 287, 140, 835, 'CASH', 'Direction, encadrement, soutenances', 13, '2018-10-29 00:00:00', NULL),
(14, 289, 135, 436, 'CASH', 'surveillance, expedition, correction', 14, '2018-10-30 00:00:00', NULL),
(15, 287, 140, 100, 'CASH', 'lecture rapport de stage', 15, '2018-10-30 00:00:00', NULL),
(16, 290, 535, 140, 'CASH', 'RAS', 16, '2018-10-31 00:00:00', NULL),
(17, 262, 132, 30, 'CASH', 'communication', 17, '2018-10-18 00:00:00', NULL),
(19, 266, 128, 350, 'CASH', 'frais tfc et mémoire', 18, '2018-10-25 00:00:00', NULL),
(20, 266, 534, 469, 'CASH', 'frais tfc et mémoire', 18, '2018-10-25 00:00:00', NULL),
(21, 270, 132, 63.75, 'CASH', 'organisation de la session', 19, '2018-10-26 00:00:00', NULL),
(22, 275, 135, 76, 'CASH', 'Fournitures', 20, '2018-11-26 00:00:00', NULL),
(23, 283, 135, 100, 'CASH', 'Communication', 24, '2018-11-26 00:00:00', NULL),
(24, 283, 535, 45, 'CASH', 'Communication', 24, '2018-11-27 00:00:00', NULL),
(25, 369, 541, 100, 'CASH', 'achat aliment', 30, '2018-10-03 00:00:00', NULL),
(26, 370, 541, 3, 'CASH', 'Entretien', 31, '2018-10-10 00:00:00', NULL),
(27, 372, 363, 10, 'CASH', 'communication', 32, '2018-10-10 00:00:00', NULL),
(28, 368, 541, 20, 'CASH', 'buanderie', 33, '2018-10-12 00:00:00', NULL),
(29, 375, 541, 55, 'CASH', 'Contribution Admin centrale', 34, '2018-10-02 00:00:00', NULL),
(30, 377, 541, 187.35, 'CASH', 'Salaire personnel partie 01', 35, '2018-10-15 00:00:00', NULL),
(31, 377, 364, 295.45, 'CASH', 'Salaire personnel partie 02', 35, '2018-10-15 00:00:00', NULL),
(32, 277, 535, 5.5, 'CASH', 'Carburant', 21, '2018-11-22 00:00:00', NULL),
(33, 279, 135, 95, 'CASH', 'conseil de fac', 22, '2018-11-22 00:00:00', NULL),
(34, 281, 135, 3, 'CASH', 'transport', 23, '2018-11-23 00:00:00', NULL),
(35, 286, 144, 35, 'CASH', 'prime', 25, '2018-11-26 00:00:00', NULL),
(36, 287, 140, 745, 'CASH', 'Direction, encadrement, soutenances', 26, '2018-11-27 00:00:00', NULL),
(37, 287, 140, 95, 'CASH', 'lecture rapport de stage', 27, '2018-11-28 00:00:00', NULL),
(38, 289, 141, 407, 'CASH', 'surveillance, expedition, correction', 28, '2018-11-29 00:00:00', NULL),
(39, 290, 144, 45, 'CASH', 'divers', 29, '2018-11-30 00:00:00', NULL),
(40, 380, 542, 36, 'CASH', 'matériels', 36, '2018-10-02 00:00:00', NULL),
(41, 381, 378, 2460, 'CASH', 'achat aliment', 37, '2018-10-06 00:00:00', NULL),
(42, 381, 379, 1777.05, 'CASH', 'achat aliment', 37, '2018-10-06 00:00:00', NULL),
(43, 382, 542, 1.56, 'CASH', 'Fourniture', 38, '2018-10-02 00:00:00', NULL),
(44, 383, 542, 6.25, 'CASH', 'communication', 39, '2018-10-02 00:00:00', NULL),
(45, 384, 379, 169.5, 'CASH', 'Salaire personnel', 40, '2018-10-06 00:00:00', NULL),
(46, 385, 379, 20, 'CASH', 'Contribution Admin centrale', 41, '2018-10-03 00:00:00', NULL),
(47, 386, 378, 5, 'CASH', 'charges divers', 42, '2018-10-06 00:00:00', NULL),
(49, 270, 132, 30, 'CASH', 'organisation de la session', 43, '2018-10-30 00:00:00', NULL),
(50, 255, 534, 10, 'CASH', 'recharche rartouche', 44, '2018-11-02 00:00:00', NULL),
(51, 266, 534, 30, 'CASH', 'direction', 45, '2018-11-10 00:00:00', NULL),
(53, 266, 130, 30, 'CASH', 'direction', 45, '2018-11-10 00:00:00', NULL),
(54, 266, 129, 10, 'CASH', 'direction', 45, '2018-11-10 00:00:00', NULL),
(55, 533, 354, 7.5, 'CASH', 'Fourniture', 46, '2018-10-12 00:00:00', NULL),
(56, 358, 356, 240, 'CASH', 'matériels', 47, '2018-10-15 00:00:00', NULL),
(57, 360, 355, 154, 'CASH', 'honoraires', 48, '2018-10-15 00:00:00', NULL),
(58, 361, 355, 35, 'CASH', 'Contribution Admin centrale', 49, '2018-10-12 00:00:00', NULL),
(59, 362, 354, 5, 'CASH', 'charges divers', 50, '2018-10-15 00:00:00', NULL),
(60, 297, 156, 2, 'CASH', 'Fourniture bureau', 51, '2018-10-22 00:00:00', NULL),
(61, 314, 537, 440.9, 'CASH', 'Organisation session', 52, '2018-10-22 00:00:00', NULL),
(62, 315, 154, 55, 'CASH', 'Avance rapport', 53, '2018-10-23 00:00:00', NULL),
(63, 315, 537, 4, 'CASH', 'Solde lecture rapport', 53, '2018-10-22 00:00:00', NULL),
(64, 300, 156, 16.8, 'CASH', 'Achat carburant', 54, '2018-10-22 00:00:00', NULL),
(65, 304, 537, 1, 'CASH', 'Transport', 55, '2018-10-12 00:00:00', NULL),
(66, 306, 537, 7.1, 'CASH', 'Frais de communication', 56, '2018-10-04 00:00:00', NULL),
(67, 312, 152, 946, 'CASH', 'Frais de direction TFC', 57, '2018-10-12 00:00:00', NULL),
(68, 297, 537, 54, 'CASH', 'Fourniture bureau', 58, '2018-11-22 00:00:00', NULL),
(69, 300, 537, 40, 'CASH', 'Achat carburant', 59, '2018-11-13 00:00:00', NULL),
(70, 304, 156, 41.2, 'CASH', 'Transport', 60, '2018-11-15 00:00:00', NULL),
(71, 314, 537, 110, 'CASH', 'Organisation session', 61, '2018-11-12 00:00:00', NULL),
(72, 305, 156, 35, 'CASH', 'Entretien matériels', 62, '2018-11-12 00:00:00', NULL),
(73, 312, 537, 776, 'CASH', 'Frais de direction TFC', 63, '2018-11-26 00:00:00', NULL),
(74, 297, 537, 41, 'CASH', 'Fourniture bureau', 64, '2018-12-12 00:00:00', NULL),
(75, 300, 537, 53.1, 'CASH', 'Achat carburant', 65, '2018-12-12 00:00:00', NULL),
(76, 302, 537, 70, 'CASH', 'Transport après conseil', 66, '2018-02-21 00:00:00', NULL),
(77, 317, 152, 50, 'CASH', 'Assistance sociale', 67, '2018-12-12 00:00:00', NULL),
(78, 305, 156, 10, 'CASH', 'Entretien matériels', 68, '2018-12-05 00:00:00', NULL),
(79, 312, 152, 168, 'CASH', 'Frais de direction TFC', 69, '2018-12-23 00:00:00', NULL),
(80, 302, 537, 70, 'CASH', 'Transport après conseil', 70, '2018-12-14 00:00:00', NULL),
(81, 533, 356, 1.5, 'CASH', 'Fourniture', 71, '2018-11-12 00:00:00', NULL),
(82, 359, 355, 47, 'CHEQUE', 'entretien  machine dépassement car augmentation apprenant', 72, '2018-11-12 00:00:00', NULL),
(83, 362, 354, 5, 'CASH', 'charges divers', 73, '2018-11-11 00:00:00', NULL),
(84, 360, 355, 196, 'CASH', 'honoraires', 74, '2018-11-12 00:00:00', NULL),
(85, 361, 355, 36, 'CASH', 'Contribution Admin centrale', 75, '2018-11-15 00:00:00', NULL),
(86, 533, 354, 5, 'CASH', 'Fourniture', 76, '2018-12-12 00:00:00', NULL),
(87, 362, 354, 5, 'CASH', 'charges divers', 77, '2018-12-14 00:00:00', NULL),
(88, 360, 355, 120, 'CASH', 'honoraires', 78, '2018-12-12 00:00:00', NULL),
(89, 361, 354, 40, 'CASH', 'Contribution Admin centrale', 79, '2018-12-14 00:00:00', NULL),
(90, 362, 355, 269.62, 'CASH', 'charges divers', 80, '2018-12-23 00:00:00', NULL),
(91, 368, 363, 11.87, 'CASH', 'Fourniture', 81, '2018-09-02 00:00:00', NULL),
(92, 369, 541, 230, 'CASH', 'achat aliment', 82, '2018-09-02 00:00:00', NULL),
(93, 372, 363, 5, 'CASH', 'communication', 83, '2018-09-01 00:00:00', NULL),
(94, 376, 541, 580.85, 'CASH', 'charges divers', 84, '2018-09-01 00:00:00', NULL),
(95, 377, 364, 155.5, 'CASH', 'honoraires', 85, '2018-09-05 00:00:00', NULL),
(96, 368, 363, 1.5, 'CASH', 'Fourniture', 86, '2018-11-12 00:00:00', NULL),
(97, 369, 364, 162.35, 'CASH', 'achat aliment', 87, '2018-11-12 00:00:00', NULL),
(98, 370, 363, 3, 'CASH', 'produit entretien', 88, '2018-11-12 00:00:00', NULL),
(99, 374, 363, 10, 'CASH', 'buanderie', 89, '2018-11-12 00:00:00', NULL),
(101, 375, 364, 74, 'CASH', 'Contribution Admin centrale', 90, '2018-11-15 00:00:00', NULL),
(102, 377, 364, 510, 'CASH', 'honoraires', 91, '2018-11-12 00:00:00', NULL),
(103, 368, 363, 9.3, 'CASH', 'Fournitures', 92, '2018-12-12 00:00:00', NULL),
(104, 369, 364, 119.1, 'CASH', 'Achat aliment', 93, '2018-12-12 00:00:00', NULL),
(105, 370, 363, 3, 'CASH', 'Produit d\'entretien', 94, '2018-12-15 00:00:00', NULL),
(106, 375, 364, 100, 'CASH', 'Contribution à admin centrale', 95, '2018-12-16 00:00:00', NULL),
(107, 376, 364, 70, 'CASH', 'Charges et pertes divers', 96, '2018-12-22 00:00:00', NULL),
(108, 377, 364, 319.9, 'CASH', 'Paie personel', 97, '2018-12-05 00:00:00', NULL),
(109, 381, 378, 3108.02, 'CASH', 'achat aliment', 99, '2018-09-02 00:00:00', NULL),
(110, 382, 542, 21.75, 'CASH', 'Fourniture', 100, '2018-09-03 00:00:00', NULL),
(111, 384, 542, 8.7, 'CASH', 'honoraires', 101, '2018-09-09 00:00:00', NULL),
(112, 380, 379, 43, 'CASH', 'matériels', 102, '2018-11-02 00:00:00', NULL),
(113, 381, 379, 4753.28, 'CASH', 'achat aliment', 103, '2018-11-11 00:00:00', NULL),
(114, 382, 542, 5, 'CASH', 'Fourniture', 104, '2018-11-01 00:00:00', NULL),
(115, 384, 378, 280, 'CASH', 'honoraires', 105, '2018-11-12 00:00:00', NULL),
(116, 385, 378, 42, 'CASH', 'Contribution Admin centrale', 106, '2018-11-16 00:00:00', NULL),
(117, 386, 379, 130, 'CASH', 'charges divers', 107, '2018-11-12 00:00:00', NULL),
(118, 381, 378, 3050, 'CASH', 'achat aliment', 108, '2018-12-12 00:00:00', NULL),
(119, 159, NULL, 50, 'CASH', 'Frais cartouche ordinateur FT', 115, '2018-10-01 00:00:00', 1),
(120, 301, NULL, 100, 'CASH', 'Restau prof Maison de passe', 116, '2018-10-30 00:00:00', 1),
(121, 278, NULL, 50, 'CASH', 'restau prof visiteurs FSTA', 117, '2018-10-25 00:00:00', 1),
(122, 278, NULL, 14, 'CASH', 'restau CT Mwabi FSTA Rudolf', 118, '2018-10-26 00:00:00', 1),
(123, 303, NULL, 320, 'CASH', 'billet Kin Goma prof Mputu FEM', 119, '2018-10-29 00:00:00', 1),
(124, 280, NULL, 268, 'CASH', 'billet prof Kasoro FSTA', 120, '2018-10-19 00:00:00', 1),
(125, 280, NULL, 20, 'CASH', 'Billet CT Ngama Mwabi FSTA', 121, '2018-10-24 00:00:00', 1),
(126, 543, NULL, 5, 'CASH', 'Frais de representation Rec/Serges', 122, '2018-10-15 00:00:00', 1),
(127, 284, NULL, 300, 'CASH', 'acompte Honoraires Butoa FSTA', 123, '2018-10-23 00:00:00', 1),
(128, 168, NULL, 280, 'CASH', 'Honoraires Prof Habasikiake FT', 124, '2018-10-31 00:00:00', 1),
(129, 182, NULL, 50, 'CASH', 'Paiement suivi bibliothŠque 09/2018', 125, '2018-10-16 00:00:00', 1),
(130, 202, NULL, 9944, 'CASH', 'pmt salaire mois d\'octobre 18 FD', 126, '2018-10-20 00:00:00', 2),
(131, 318, NULL, 2427, 'CASH', 'pmt salaire mois d\'octobre 18 FMED', 127, '2018-10-20 00:00:00', 2),
(132, 271, NULL, 5510, 'CASH', 'pmt salaire mois d\'octobre 2018 FPS', 128, '2018-10-20 00:00:00', 2),
(133, 248, NULL, 6758, 'CASH', 'pmt salaire mois d\'octobre 18 FSDC', 129, '2018-10-20 00:00:00', 2),
(134, 224, NULL, 200, 'CASH', 'salaire agent en form Kisonia 04-05', 130, '2018-10-05 00:00:00', 1),
(135, 224, NULL, 9664, 'CASH', 'pmt salaire mois d\'octobre 18 FSEG', 131, '2018-10-20 00:00:00', 2),
(136, 224, NULL, 200, 'CASH', 'Salaire agent en form Kison fev mar', 132, '2018-10-30 00:00:00', 1),
(137, 291, NULL, 4426, 'CASH', 'pmt salaire mois d\'octobre 18 FSTA', 133, '2018-10-20 00:00:00', 2),
(138, 291, NULL, 130, 'CASH', 'salaire agent en formation Am—boko', 134, '2018-10-24 00:00:00', 1),
(139, 291, NULL, 100, 'CASH', 'Contribution Mariage Raoul Baguma', 135, '2018-10-25 00:00:00', 1),
(140, 178, NULL, 10758, 'CASH', 'pmt salaire mois d\'octobre 2018 FT', 136, '2018-10-20 00:00:00', 2),
(141, 179, NULL, 275, 'CASH', 'adhésion Musacom Fam Byamungu Rob', 137, '2018-10-26 00:00:00', 1),
(142, 232, NULL, 22.5, 'CASH', 'Frais fourniture de bureau SDC', 138, '2018-11-23 00:00:00', 1),
(143, 207, NULL, 65, 'CASH', 'Fournitures de bureau FSEG', 139, '2018-11-23 00:00:00', 1),
(144, 301, NULL, 50, 'CASH', 'restau prof visiteurs FM et FSTA', 140, '2018-11-07 00:00:00', 1),
(145, 301, NULL, 100, 'CASH', 'restau visiteurs MP1 FMed', 141, '2018-11-14 00:00:00', 1),
(146, 301, NULL, 60, 'CASH', 'Restau Prof visiteurs FSTA& MED', 142, '2018-11-20 00:00:00', 1),
(147, 301, NULL, 40, 'CASH', 'restau prof visiteurs guest house', 143, '2018-11-26 00:00:00', 1),
(148, 257, NULL, 40, 'CASH', 'restau prof visiteurs guest house', 144, '2018-11-26 00:00:00', 1),
(149, 233, NULL, 40, 'CASH', 'restau prof visiteurs guest house', 145, '2018-11-26 00:00:00', 1),
(150, 209, NULL, 48, 'CASH', 'restau CT lilama FSEG', 146, '2018-11-20 00:00:00', 1),
(151, 278, NULL, 50, 'CASH', 'restau prof visiteurs FM et FSTA', 147, '2018-11-07 00:00:00', 1),
(152, 278, NULL, 68, 'CASH', 'restau CT Mwabi au restau', 148, '2018-11-09 00:00:00', 1),
(153, 278, NULL, 60, 'CASH', 'Restau Prof visiteurs FSTA& MED', 149, '2018-11-20 00:00:00', 1),
(154, 163, NULL, 35, 'CASH', 'Restau Equipe du Projet sc Biblique', 150, '2018-11-21 00:00:00', 1),
(155, 300, NULL, 20, 'CASH', 'carburant groupe electrogŠne FMed', 151, '2018-11-30 00:00:00', 1),
(156, 544, NULL, 15, 'CASH', 'carburant descente FSDC', 152, '2018-11-15 00:00:00', 1),
(157, 303, NULL, 320, 'CASH', 'Billet Bambie Kigali prof Yassa', 153, '2018-11-06 00:00:00', 1),
(158, 303, NULL, 46, 'CASH', 'Billet Balezi Ziharlirwa FMED', 154, '2018-11-09 00:00:00', 1),
(159, 303, NULL, 5, 'CASH', 'Frais parking prof Andreas', 155, '2018-11-13 00:00:00', 1),
(160, 303, NULL, 320, 'CASH', 'Billet Hypolihe Mavoko Fmed', 156, '2018-11-14 00:00:00', 1),
(161, 303, NULL, 10, 'CASH', 'Parking Andreas FMED', 157, '2018-11-14 00:00:00', 1),
(162, 303, NULL, 320, 'CASH', 'Billet retour Goma Kin mputu FEMD', 158, '2018-11-20 00:00:00', 1),
(163, 303, NULL, 235, 'CASH', 'Billet Prof Juakali Fmed', 159, '2018-11-21 00:00:00', 1),
(164, 303, NULL, 20, 'CASH', 'frais taxi aéroport prof Mavoko', 160, '2018-11-26 00:00:00', 1),
(165, 259, NULL, 320, 'CASH', 'Billet Prof Kitenge FPSE', 161, '2018-11-21 00:00:00', 1),
(166, 280, NULL, 25, 'CASH', 'billet retour CT Mwabi Ngama FSTA', 162, '2018-11-20 00:00:00', 1),
(167, 307, NULL, 1800, 'CASH', 'Honoraires Prof Mputu Medecine', 163, '2018-11-23 00:00:00', 1),
(168, 307, NULL, 370, 'CASH', 'Honoraires prf HABASIKIAKE', 164, '2018-11-27 00:00:00', 1),
(169, 263, NULL, 190, 'CASH', 'Honoraires prof Habasikiake FPSE', 165, '2018-11-30 00:00:00', 1),
(170, 215, NULL, 250, 'CASH', 'Honoraires CT Lilama EG', 166, '2018-11-21 00:00:00', 1),
(171, 215, NULL, 250, 'CASH', 'Honoraires CT Makasi Ngesera FSEG', 167, '2018-11-26 00:00:00', 1),
(172, 284, NULL, 1440, 'CASH', 'Honoraires CT Mwabi FSTA', 168, '2018-11-20 00:00:00', 1),
(173, 239, NULL, 360, 'CASH', 'Honor Prof Kahongya FT', 169, '2018-11-06 00:00:00', 1),
(174, 239, NULL, 360, 'CASH', 'Honoraries prof Kahongya FT', 170, '2018-11-09 00:00:00', 1),
(175, 182, NULL, 10, 'CASH', ' Fres soins étudiants FT', 171, '2018-11-13 00:00:00', 1),
(176, 182, NULL, 50, 'CASH', 'Prestations Biblith Mirenge oct18', 172, '2018-11-14 00:00:00', 1),
(177, 182, NULL, 18, 'CASH', 'Rembt fres soins étud TSWANGA FT', 173, '2018-11-30 00:00:00', 1),
(178, 202, NULL, 398, 'CASH', 'Salaire Akongwa Mugomb oct18', 174, '2018-11-08 00:00:00', 1),
(179, 202, NULL, 11047, 'CASH', 'Pmt salaire  novembre 2018', 175, '2018-11-20 00:00:00', 2),
(180, 202, NULL, 274.46, 'CASH', 'Commission paie salaire', 176, '2018-11-23 00:00:00', 3),
(181, 318, NULL, 2427, 'CASH', 'Pmt salaire  novembre 2018', 177, '2018-11-20 00:00:00', 2),
(182, 318, NULL, 400, 'CASH', 'Prime  décanal Mavoko juil-oct 2018', 178, '2018-11-29 00:00:00', 1),
(183, 271, NULL, 2737.27, 'CASH', 'solde decompte final Pr Mwendapole ', 179, '2018-11-08 00:00:00', 1),
(184, 271, NULL, 100, 'CASH', 'prime SAF Mazambi Pala', 180, '2018-11-13 00:00:00', 1),
(185, 271, NULL, 5518, 'CASH', 'Pmt salaire  novembre 2018', 181, '2018-11-20 00:00:00', 2),
(186, 271, NULL, 100, 'CASH', 'Prime SAP FPSE aout nov Pala', 182, '2018-11-29 00:00:00', 1),
(187, 248, NULL, 130, 'CASH', 'salaire agent en formation Lévis ', 183, '2018-11-07 00:00:00', 1),
(188, 248, NULL, 6758, 'CASH', 'Pmt salaire  novembre 2018', 184, '2018-11-20 00:00:00', 2),
(189, 248, NULL, 130, 'CASH', 'Salaire agent en formation Levis ds', 185, '2018-11-29 00:00:00', 1),
(190, 224, NULL, 100, 'CASH', 'Salaire agent en formation oct Musa', 186, '2018-11-02 00:00:00', 1),
(191, 224, NULL, 78.77, 'CASH', 'Pmt commission  salaire oct 2018', 187, '2018-11-02 00:00:00', 3),
(192, 224, NULL, 9664, 'CASH', 'Pmt salaire  novembre 2018', 188, '2018-11-20 00:00:00', 2),
(193, 224, NULL, 500, 'CASH', 'salaire agent en formation Kisonia ', 189, '2018-11-30 00:00:00', 1),
(194, 291, NULL, 4444, 'CASH', 'Pmt salaire  novembre 2018', 190, '2018-11-20 00:00:00', 2),
(195, 291, NULL, 100, 'CASH', 'assist mariage SEM Bisimwa', 191, '2018-11-22 00:00:00', 1),
(196, 291, NULL, 130, 'CASH', 'salaire agent en formation nov 18', 192, '2018-11-26 00:00:00', 1),
(197, 178, NULL, 11218, 'CASH', 'Pmt salaire  novembre 2018', 193, '2018-11-20 00:00:00', 2),
(198, 203, NULL, 370, 'CASH', 'pmt 10 % soins au CHU', 194, '2018-11-07 00:00:00', 1),
(199, 272, NULL, 20, 'CASH', 'Fres SH Himbi sept oct2018', 195, '2018-11-16 00:00:00', 1),
(200, 249, NULL, 1000, 'CASH', 'pmt Mutuelle de santé', 196, '2018-11-05 00:00:00', 1),
(201, 225, NULL, 1000, 'CASH', 'pmt Mutuelle de santé', 197, '2018-11-05 00:00:00', 1),
(202, 179, NULL, 830, 'CASH', 'Abonnement musaco— Byamungu', 198, '2018-11-06 00:00:00', 1),
(203, 252, NULL, 600, 'CASH', 'Frais de descente terrain SDC', 199, '2018-11-16 00:00:00', 1),
(204, 252, NULL, 600, 'CASH', 'Frais descente sur terrain sdc', 200, '2018-11-23 00:00:00', 1),
(205, 252, NULL, 600, 'CASH', 'Frais descente terrain SDC', 201, '2018-11-29 00:00:00', 1);

-- --------------------------------------------------------

--
-- Structure de la table `etatbesoin`
--

DROP TABLE IF EXISTS `etatbesoin`;
CREATE TABLE IF NOT EXISTS `etatbesoin` (
  `id` int(11) NOT NULL AUTO_INCREMENT,
  `depense_id` int(11) NOT NULL,
  `designation` varchar(255) COLLATE utf8mb4_unicode_ci NOT NULL,
  `quantite` double NOT NULL,
  `prixunitaire` double NOT NULL,
  PRIMARY KEY (`id`),
  KEY `IDX_4DB7283441D81563` (`depense_id`)
) ENGINE=InnoDB DEFAULT CHARSET=utf8mb4 COLLATE=utf8mb4_unicode_ci;

-- --------------------------------------------------------

--
-- Structure de la table `ligne_budgetaire`
--

DROP TABLE IF EXISTS `ligne_budgetaire`;
CREATE TABLE IF NOT EXISTS `ligne_budgetaire` (
  `id` int(11) NOT NULL AUTO_INCREMENT,
  `intitule_ligne` varchar(255) COLLATE utf8mb4_unicode_ci NOT NULL,
  `compte_ligne` varchar(255) COLLATE utf8mb4_unicode_ci NOT NULL,
  `categorie_ligne` varchar(255) COLLATE utf8mb4_unicode_ci NOT NULL,
  `description` longtext COLLATE utf8mb4_unicode_ci,
  PRIMARY KEY (`id`)
) ENGINE=InnoDB AUTO_INCREMENT=299 DEFAULT CHARSET=utf8mb4 COLLATE=utf8mb4_unicode_ci;

--
-- Déchargement des données de la table `ligne_budgetaire`
--

INSERT INTO `ligne_budgetaire` (`id`, `intitule_ligne`, `compte_ligne`, `categorie_ligne`, `description`) VALUES
(21, 'Vente fournitures ', '70112000', 'Recette', 'description'),
(22, 'Vente service restaurant', '70115000', 'Recette', 'description'),
(23, 'Vente cartes d’étudiants', '70115100', 'Recette', 'description'),
(24, 'Soins medicaux ULPGL', '70611100', 'Recette', 'description'),
(25, 'Soins medicaux KAUTA', '70611100', 'Recette', 'description'),
(26, 'Soins medicaux METANOIA', '70611100', 'Recette', 'description'),
(27, 'Certificat d\'aptitude physique', '70611100', 'Recette', 'description'),
(28, 'Autres recettes CHU', '70611100', 'Recette', ''),
(29, 'Frais d\'Homologation diplomes', '70612100', 'Recette', ''),
(30, 'Frais academiques/DEA', '70613110', 'Recette', ''),
(31, 'Frais academiques anterieurs/Facultes', '70613120', 'Recette', ''),
(32, 'Frais academiques anterieurs/DEA', '70613140', 'Recette', ''),
(33, 'Frais academiques/Facultes', '70613160', 'Recette', ''),
(34, 'Frais d\'inscriptionDEA', '70614110', 'Recette', ''),
(35, 'Frais d\'inscription au role', '70614130', 'Recette', ''),
(36, 'Frais d\'inscription', '70614150', 'Recette', ''),
(37, 'Frais de reinscription', '706141151', 'Recette', ''),
(38, 'Frais d\'incriptions speciale', '70614151', 'Recette', ''),
(39, 'Abonnement externe', '70615170', 'Recette', ''),
(40, ' Frais Abonnement Bibliotheques', '70615171', 'Recette', ''),
(41, 'Frais  anterieurs Bibliothèque', '70615171', 'Recette', ''),
(42, 'Penalites bibliothèques', '70615172', 'Recette', ''),
(43, 'Lecture journaliere', '70615180', 'Recette', ''),
(44, 'Attestation de perte de reçu', '70616100', 'Recette', ''),
(45, 'Attestation de recherche', '70616101', 'Recette', ''),
(46, 'Attestation de frequentation', '70616102', 'Recette', ''),
(47, 'Releve de cote', '70616103', 'Recette', ''),
(48, 'Frais de direction TFC et Memoires', '70616104', 'Recette', ''),
(49, 'Frais de recommandation de stage', '70616106', 'Recette', ''),
(50, 'Frais de depot rapport de stage', '70616107', 'Recette', ''),
(51, 'Frais de depot rapport de stage/ terrain', '70616108', 'Recette', NULL),
(52, 'A qui de droit', '70616112', 'Recette', ''),
(53, 'Fiches sujets TFC et memoires', '70616109', 'Recette', ''),
(54, 'frais d\'internet ', '70616', 'Recette', ''),
(55, 'Minerval coupe couture', '70617104', 'Recette', ''),
(56, 'Frais de garderie', '70617107', 'Recette', ''),
(57, 'Autres frais CPFP/Vente Restaurant', '70617108', 'Recette', NULL),
(58, 'Recettes restaurant', '70617109', 'Recette', ''),
(59, 'Inscription et Formation Anglais', '70618101', 'Recette', ''),
(60, 'Inscription et Formation informatique', '70618102', 'Recette', ''),
(61, 'Photocopies', '70618103', 'Recette', NULL),
(62, ' Recettes  reliures', '706181051', 'Recette', ''),
(63, 'Saisie impression et scannage', '70618106', 'Recette', ''),
(64, 'Autres recettes CIME', '70618107', 'Recette', ''),
(65, 'Loyer Home des etudiants', '70731300', 'Recette', ''),
(66, 'Loyer personnel ULPGL', '70731400', 'Recette', ''),
(67, 'Location salle', '70731600', 'Recette', ''),
(68, 'Frais d\'integration', '70781100', 'Recette', ''),
(69, 'Frais de concours d\'admission', '70781101', 'Recette', ''),
(70, 'Prix d\'Excellence', '70781103', 'Recette', ''),
(71, 'Autres produits accessoires', '70781107', 'Recette', ''),
(72, 'Demarches des autorites', '70781109', 'Recette', ''),
(73, 'Etat subvention eau', '71111100', 'Recette', ''),
(74, 'Etat subvention eletricite', '71111200', 'Recette', ''),
(75, 'Contribution EMP Kauta', '75821110', 'Recette', NULL),
(76, 'Dettes anterieures Metanoia', '75821110', 'Recette', ''),
(77, 'Contribution Metanoia', '75821110', 'Recette', NULL),
(78, 'Dettes anterieures EMP KAUTA', '75821110', 'Recette', ''),
(79, 'Restaurant JOVIAL', '75821110', 'Recette', ''),
(80, 'Restaurant ULPGL', '75821110', 'Recette', ''),
(81, 'Programme de DEA', '75821110', 'Recette', ''),
(82, 'Contributions communautes membres', '75821110', 'Recette', ''),
(83, 'Appui a l\'Administration', '71121100', 'Recette', ''),
(84, 'Bourses etudiants FT', '71121160', 'Recette', ''),
(85, ' Education et Formation DEA', '71121180', 'Recette', ''),
(86, ' Renforcement des competences', '71141100', 'Recette', ''),
(87, 'Subvention Construction FSTA', '71141200', 'Recette', ''),
(88, 'EMW Formation Theologique', '711512', 'Recette', ''),
(89, 'EMW Subvention projets', '711512', 'Recette', ''),
(90, 'Subvention projets divers/ EMW', '711512', 'Recette', ''),
(91, 'Construction FSTA', '2391300', 'Depense', ''),
(92, 'Construction CHU', '2391400', 'Depense', ''),
(93, 'Construction home de filles', '2391600', 'Depense', ''),
(94, 'Construction logement Prof ', '23917100', 'Depense', ''),
(95, 'construction d\'une grande salle ', '23919110', 'Depense', ''),
(96, 'Construct Cloture et 1 maison a Mugunga', '23919400', 'Depense', ''),
(97, 'Modernisation Parking', '23919500', 'Depense', ''),
(98, 'Materiels et mobiliers de bureau', '24411000', 'Depense', ''),
(99, 'Materiels et mobiliers divers', '24411100', 'Depense', ''),
(100, 'Materiels Informatiques', '24421100', 'Depense', ''),
(101, 'Matereils et mobilier Maisons professeurs ', '24471000', 'Depense', ''),
(102, 'Matereils et mobilier Maisons assistants', '24472000', 'Depense', ''),
(103, 'Matereils et mobilier Home des étudiants', '24473000', 'Depense', NULL),
(104, 'Matereils et mobilier Maisons de passages', '24474000', 'Depense', ''),
(105, 'Equipement labo et ateliers', '24481100', 'Depense', ''),
(106, 'Divers equipements', '24482100', 'Depense', ''),
(107, 'Equipement Medical', '24482200', 'Depense', ''),
(108, 'Materiel de transport', '2451000', 'Depense', ''),
(109, 'Bibliotheque et achat livres ', '2480000', 'Depense', ''),
(110, 'Formation en Master / DEA', '272811', 'Depense', ''),
(111, 'Formation Doctorales /Professeurs', '272811', 'Depense', ''),
(112, 'Achat aliments bebes de la creche', '6021000', 'Depense', ''),
(113, 'Fournitures restaurant Jovial/ CPFP', '6022000', 'Depense', ''),
(114, 'Achat medicaments CHU', '6023000', 'Depense', ''),
(115, 'Produits d\'entretien', '6043000', 'Depense', ''),
(116, 'Matieres, fournitures de bureau et informatiques', '6046000', 'Depense', ''),
(117, 'Materiels didactiques coupe couture', '60461100', 'Depense', ''),
(118, 'Materiels didactiques art culinaire', '60461300', 'Depense', ''),
(119, 'Sejour Prof visiteurs', '6046200', 'Depense', ''),
(120, 'Frais de réunion et conseil', '60463000', 'Depense', ''),
(121, 'Retraite et Journees du 8 mars et 1er mai', '60463100', 'Depense', ''),
(122, 'Conseil d\'Administration', '60463120', 'Depense', ''),
(123, 'Audit conseil d\'Administration', '60463130', 'Depense', ''),
(124, 'Rentree Academique', '60464000', 'Depense', ''),
(125, 'Fournitures Eau REGIDESO', '60510000', 'Depense', ''),
(126, 'Fournitures Electricite SNEL', '60520000', 'Depense', ''),
(127, 'Fournitures Carburant', '60530000', 'Depense', ''),
(128, 'Pieces de rechange', '60540000', 'Depense', ''),
(129, 'Voyages et deplacements Professeurs', '61810000', 'Depense', ''),
(130, 'Transports administratifs', '61830000', 'Depense', ''),
(131, 'Batiments administratifs', '62400020', 'Depense', ''),
(132, 'Entrétien Batiments CPFP', '62400020', 'Depense', NULL),
(133, 'Home des etudiants', '62400040', 'Depense', ''),
(134, 'Residence Recteur ', '62400020', 'Depense', ''),
(135, 'Residences professeurs ', '62400020', 'Depense', ''),
(136, 'Residences CT et Assisistants/chalets', '62400020', 'Depense', ''),
(137, 'Auditoires', '62400020', 'Depense', ''),
(138, 'Entretien electrique', '62400020', 'Depense', ''),
(139, 'Entretien et reparation vehicule', '62400020', 'Depense', ''),
(140, 'Entretien Machines de bureau ', '62400020', 'Depense', ''),
(141, 'Entretien Groupe electrogene', '62400020', 'Depense', ''),
(142, 'Entretien autres materiels electriques', '62400020', 'Depense', ''),
(143, 'Entretien Vehicules', '62400020', 'Depense', ''),
(144, 'Amenagement site ULPGL', '62400020', 'Depense', ''),
(145, 'Assurances materiel de transport', '62520000', 'Depense', ''),
(146, 'Annonces, insertions publicitaires', '62710000', 'Depense', ''),
(147, 'Autres charges de publicites et relations p', '62780000', 'Depense', ''),
(148, 'Frais de telephone /Communication', '62810000', 'Depense', ''),
(149, 'Agios et commissions bancaires', '63180000', 'Depense', ''),
(150, 'Honoraires professeurs visiteurs', '63241100', 'Depense', ''),
(151, 'Honoraires HS Prof Permananent', '63241200', 'Depense', ''),
(152, 'Honoraires Prof DEA', '63243100', 'Depense', ''),
(153, 'Honoraires Formateur Divers', '63244100', 'Depense', ''),
(154, 'Prestation a la Buanderie', '63244130', 'Depense', ''),
(155, 'Honoraires avocat conseil', '63246100', 'Depense', ''),
(156, 'Honoraires divers', '63247100', 'Depense', ''),
(157, 'Abonnement aux revues', '63247110', 'Depense', ''),
(158, 'Frais direction TFC et Memoires', '63281000', 'Depense', ''),
(159, 'Frais d\'organisation sessions', '63284000', 'Depense', ''),
(160, 'organisation concours d\'admission', '63284100', 'Depense', ''),
(161, 'Frais d\'integartion nouveaux etudiants', '63284110', 'Depense', ''),
(162, 'Frais de stage, recyclage et retraite', '63285000', 'Depense', ''),
(163, 'Frais de descente sur le terrain', '63285100', 'Depense', ''),
(164, 'Frais d\'encadrement au laboratoire', '63285200', 'Depense', ''),
(165, 'Impression et photocopie', '6328600', 'Depense', ''),
(166, 'Frais de production cartes d\'etudiants', '6328610', 'Depense', ''),
(167, 'Appui aux frais academiques filles FSTA', '63287010', 'Depense', ''),
(168, 'Appui aux frais academiques meilleurs etudiants', '63287100', 'Depense', ''),
(169, 'Appui aux frais academiques etudiants demunis', '63287101', 'Depense', ''),
(171, 'Formation en didactique universitaire', '63287111', 'Depense', ''),
(172, 'Formation Education de qualite', '63287112', 'Depense', ''),
(173, 'Formations et salaire laborantins', '6331000', 'Depense', ''),
(174, 'Journees scientifiques', '63287167', 'Depense', ''),
(175, 'Recherches et Publications', '63287150', 'Depense', ''),
(176, 'Colloque International', '63287168', 'Depense', ''),
(177, 'Voyage d\'echange d\'experience', '63287170', 'Depense', ''),
(178, 'Administration du projet', '63287200', 'Depense', ''),
(179, 'Frais de bureau et connexion internet', '63287210', 'Depense', ''),
(180, 'Frais d\'audit et frais  bancaire ', '63287211', 'Depense', ''),
(181, 'Evaluation du plan triennal', '63287212', 'Depense', ''),
(182, 'Contribution RUPA, RIGL, AUF', '6352000', 'Depense', ''),
(183, 'Contribution conference ESU, FNE,UEA, FPEN ', '6353000', 'Depense', ''),
(184, 'Contributions budget aumonerie', '6354000', 'Depense', ''),
(185, 'Contributions fonctionnement administrtion centrale', '6355000', 'Depense', NULL),
(186, 'Autres contributions  MEU, ECC,Astheol, BESUP', '6356000', 'Depense', ''),
(187, 'Contribution CHU au BCZS', '63562000', 'Depense', ''),
(188, 'Receptions et representations', '63811300', 'Depense', ''),
(189, 'Collation des grades academiques', '63811400', 'Depense', ''),
(190, 'Comite des etudiants', '63811410', 'Depense', ''),
(191, 'Activites para academiques', '63811411', 'Depense', ''),
(192, 'Charges Homologation diplomes', '63811420', 'Depense', ''),
(193, 'Controle de scolarite', '63811430', 'Depense', ''),
(194, 'Divers frais de Missions', '63811600', 'Depense', ''),
(195, 'Bourses Etudiants FT/MEU', '63824100', 'Depense', ''),
(196, 'Formation DEA FT/ MEU', '63824200', 'Depense', ''),
(197, 'Bourses Etudiants FT/EMW', '63824300', 'Depense', ''),
(198, 'Formation DEA FT/EMW', '63824310', 'Depense', ''),
(199, 'Charges et pertes diverses', '63825000', 'Depense', ''),
(200, 'Contribution a l\'adm centrale', '63825100', 'Depense', ''),
(201, 'Controle technique vehicules', '64630000', 'Depense', ''),
(202, 'vignette des vehicules', '64640000', 'Depense', ''),
(203, 'Autres droits', '64650000', 'Depense', ''),
(204, 'Impot sur la remuneration', '64800000', 'Depense', ''),
(205, 'Dossiers terrains', '64810000', 'Depense', ''),
(206, 'Dons et assistances diverses', '65820000', 'Depense', ''),
(207, 'Salaires du personnel permanent', '6611000', 'Depense', ''),
(208, 'Primes et gratification', '6612000', 'Depense', ''),
(209, 'Decompte final des agents ', '6614000', 'Depense', ''),
(210, 'Soins medicaux du personnel', '6615000', 'Depense', ''),
(211, 'Soins medicaux au dispensaire', '6615100', 'Depense', ''),
(212, 'Primes diverses', '6622000', 'Depense', ''),
(214, 'Salaire Prof  Emerite  ', '6638000', 'Depense', ''),
(215, 'INSS/QPP', '6641000', 'Depense', ''),
(219, 'Intérêt sur emprunts reçu', '6712000', 'Depense', NULL),
(220, 'Vente Carte d\'étudiants', '70213000', 'Recette', 'Vente cartes d\'étudiants'),
(221, 'Vente Livre/Manuel scolaire', '70111000', 'Recette', 'Vente Livre/Manuel scolaire'),
(222, 'Frais d\'équipement informatique', '70616109', 'Recette', 'Frais d\'équipement informatique'),
(223, 'Subv. MEU Bourses des étudiants', '71121160', 'Recette', 'Subv. MEU Bourses des étudiants'),
(224, 'Subvention MEU Formation DEA', '71121180', 'Recette', 'Subvention MEU Formation DEA'),
(225, 'Mat et Mob bureaux non ventilés', '24411000', 'Depense', NULL),
(226, 'Equipement informatique', '24421800', 'Depense', NULL),
(227, 'Fournitures de bureau et matériels', '60460000', 'Depense', NULL),
(228, 'Frais de déplacement et Courses', '61830000', 'Depense', NULL),
(229, 'Entretien matériel et mob du bureau', '62400100', 'Depense', NULL),
(230, 'Prime de caisse', '66110000', 'Depense', NULL),
(231, 'Frais lecture rapports stage', '63285000', 'Depense', NULL),
(232, 'Frais de stage (sortie évangélique)', '63285000', 'Depense', NULL),
(233, 'Frais lecture rapports de terrain (+Pénalités)', '0000000', 'Depense', NULL),
(234, 'Achat aliments', '60210000', 'Depense', NULL),
(235, 'Frais d\'inscription Thèse', '70614120', 'Recette', NULL),
(236, 'Frais de direction Mémoire Ou Thèse', '70616105', 'Recette', NULL),
(237, 'Frais comité d\'éthique recherche', '70616110', 'Recette', NULL),
(238, 'séjours prof DEA', '604620', 'Depense', NULL),
(239, 'Frais de direction Mémoire Ou Thèse', '6328100', 'Depense', NULL),
(240, 'Frais de lecture prospectus', '63288110', 'Depense', NULL),
(241, 'Honoraires Comité d\'éthiques', '63242100', 'Depense', NULL),
(242, 'APPUI PROJET CAREPD/PPLM', '47100060', 'Recette', NULL),
(243, 'APPUI AUTRES PARTENAIRES', '47100060', 'Recette', NULL),
(244, 'Autres charges imprévues', '6328500', 'Depense', NULL),
(245, 'Activités du projet', '47100060', 'Depense', NULL),
(246, 'Report solde', '0000000', 'Recette', NULL),
(247, 'Fournitures de bureau et Jury et brève', '60460000', 'Depense', NULL),
(248, 'Frais d\'inscription CPFP', '706141150', 'Recette', NULL),
(249, 'Livre pédagogique Crèche', '24811811', 'Depense', NULL),
(250, 'Recyclage cartouche externes', '00000000', 'Recette', NULL),
(251, 'Brevêts', '70618106', 'Recette', NULL),
(252, 'Plastification', '706181061', 'Recette', NULL),
(253, 'Maintenance Machines', '706181071', 'Recette', NULL),
(254, 'Production des Syllabus', '00000000', 'Recette', NULL),
(255, 'Traduction des documents', '00000000', 'Recette', NULL),
(256, 'Préparation au TOEL', '00000000', 'Recette', NULL),
(257, 'Location labo et autres services', '00000000', 'Recette', NULL),
(258, 'Divers Reboursement par les tiers', '00000000', 'Recette', NULL),
(259, 'Maintenance Machines et autres matériels', '00000000', 'Depense', NULL),
(260, 'Divers frais de formation du personnel', '6331000', 'Depense', NULL),
(261, 'Abonnement Bibliothèque FD', '70615110', 'Recette', NULL),
(262, 'Abonnement Bibliothèque FT', '70615120', 'Recette', NULL),
(263, 'Abonnement Bibliothèque FSEG', '70615130', 'Recette', NULL),
(264, 'Abonnement Bibliothèque FSTA', '70615140', 'Recette', NULL),
(265, 'Abonnement Bibliothèque FSDC', '70615150', 'Recette', NULL),
(266, 'Abonnement Bibliothèque FPSE', '70615160', 'Recette', NULL),
(267, 'Abonnement Bibliothèque FMED', '70615161', 'Recette', NULL),
(268, 'Abonnement antérieur', '70615171', 'Recette', NULL),
(269, 'Photocopieuse', '24431000', 'Depense', NULL),
(270, 'Autres Matériels Bureautiques', '24438000', 'Recette', NULL),
(271, 'Achat Livre bibliothèque FT', '24811200', 'Depense', NULL),
(272, 'Achat Livre bibliothèque FD', '24811300', 'Depense', NULL),
(273, 'Achat Livre bibliothèque FSEG', '24811400', 'Depense', NULL),
(274, 'Achat Livre bibliothèque FSDC', '24811500', 'Depense', NULL),
(275, 'Achat Livre bibliothèque FPSE', '24811600', 'Depense', NULL),
(276, 'Achat Livre bibliothèque FSTA', '24811700', 'Depense', NULL),
(277, 'Achat Livre bibliothèque FMED', '24811710', 'Depense', NULL),
(278, 'Achat livres numériques', '00000000', 'Depense', NULL),
(279, 'Activité Cobac (Assemblée générale, sensibilisation)', '00000000', 'Depense', NULL),
(280, 'Formations capacitation et annimations', '00000000', 'Depense', NULL),
(281, 'Soins médicaux ETUDIANTS FT', '70611400', 'Recette', NULL),
(282, 'Soins médicaus Proches agents', '70611410', 'Recette', NULL),
(283, 'Matériels médicaux', '24482200', 'Depense', NULL),
(284, 'Autres rémunérations', '6618000', 'Depense', NULL),
(285, 'Location toge', '70731910', 'Recette', NULL),
(286, 'ventes mitrailles et objets u', '70781102', 'Recette', NULL),
(287, 'Subvention MEU/Admin', '71121100', 'Recette', NULL),
(288, 'Autres subventions', '71151300', 'Recette', NULL),
(289, 'Contribution CPFP', '75821130', 'Recette', NULL),
(290, 'Contribution HI-TECH', '75821160', 'Recette', NULL),
(291, 'Cession terrain', '75821180', 'Recette', NULL),
(292, 'Vente camionnettes MUSSO', '75821181', 'Recette', NULL),
(293, 'Matières combustibles', '60420000', 'Depense', NULL),
(294, 'Appointements salaires et Commission', '66110000', 'Depense', NULL),
(295, 'Indemnités de préavis, licenciement', '66140000', 'Depense', NULL),
(296, 'Indemnités de sortie des mandataires', '66140001', 'Depense', NULL),
(297, 'Indemnités de maladie versées aux tiers', '66150000', 'Depense', NULL),
(298, 'Autres recette', '000000', 'Recette', 'Autres recette');

-- --------------------------------------------------------

--
-- Structure de la table `migration_versions`
--

DROP TABLE IF EXISTS `migration_versions`;
CREATE TABLE IF NOT EXISTS `migration_versions` (
  `version` varchar(255) COLLATE utf8_unicode_ci NOT NULL,
  PRIMARY KEY (`version`)
) ENGINE=InnoDB DEFAULT CHARSET=utf8 COLLATE=utf8_unicode_ci;

--
-- Déchargement des données de la table `migration_versions`
--

INSERT INTO `migration_versions` (`version`) VALUES
('20181025125310'),
('20181030125411'),
('20181030130126'),
('20181031150339'),
('20181108154121'),
('20181108154955'),
('20181108160333'),
('20181108160621'),
('20181109094909'),
('20181109150450'),
('20181109194301'),
('20181110175056'),
('20181113112319'),
('20181113120349'),
('20181116062003'),
('20181116062159'),
('20181116063718'),
('20181121145835'),
('20181122085808'),
('20181122090500'),
('20181122093847'),
('20181122101833'),
('20181122140656'),
('20181122140750'),
('20181123121310'),
('20181125081531'),
('20181127201557'),
('20181205073832'),
('20181205081036'),
('20181209063943'),
('20181209065039'),
('20181211081137'),
('20190103063452');

-- --------------------------------------------------------

--
-- Structure de la table `personne`
--

DROP TABLE IF EXISTS `personne`;
CREATE TABLE IF NOT EXISTS `personne` (
  `id` int(11) NOT NULL AUTO_INCREMENT,
  `services_id` int(11) DEFAULT NULL,
  `nom` varchar(255) COLLATE utf8mb4_unicode_ci NOT NULL,
  `postnom` varchar(255) COLLATE utf8mb4_unicode_ci NOT NULL,
  `prenom` varchar(255) COLLATE utf8mb4_unicode_ci DEFAULT NULL,
  `password` varchar(255) COLLATE utf8mb4_unicode_ci DEFAULT NULL,
  `username` varchar(255) COLLATE utf8mb4_unicode_ci DEFAULT NULL,
  `signature` longblob,
  `roles` json NOT NULL,
  PRIMARY KEY (`id`),
  KEY `IDX_FCEC9EFAEF5A6C1` (`services_id`)
) ENGINE=InnoDB AUTO_INCREMENT=120 DEFAULT CHARSET=utf8mb4 COLLATE=utf8mb4_unicode_ci;

--
-- Déchargement des données de la table `personne`
--

INSERT INTO `personne` (`id`, `services_id`, `nom`, `postnom`, `prenom`, `password`, `username`, `signature`, `roles`) VALUES
(92, 4, 'Mapendo', 'Musongya', 'Seraphin', '$2y$13$1ChQ.xg7P/wILyqi4RIUO.yWcU.8jb.pwlu9RGU1fSSHjHP8ZdOVu', 'Mapendo', NULL, '[\"ROLE_USER\", \"ROLE_COMPTABILITE\", \"ROLE_AB\", \"ROLE_RECTOR\", \"ROLE_SG\"]'),
(93, 1, 'David', 'Bulangalire', 'David', '$2y$13$9ZVhipEm0qyyZhuhC2TCpetUDQaxlyFESF3FpMLWG8W5fUE.geuXa', 'David', NULL, '[\"ROLE_USER\", \"ROLE_ADMIN\"]'),
(94, 7, 'Bisimwa', 'Mwongane', 'Eliezer', '$2y$13$6XBTXp3ZgOTyf7oohijZ6uHKulU7vmpXAk3c2hqF5rLgIurmPASzG', 'mwongane', NULL, '[\"ROLE_USER\", \"ROLE_CHEF_SERVICE\"]'),
(95, 24, 'Kipuni', 'kav', 'esther', '$2y$13$KbdQgQElnFyz9B/5.NjDB..asQ2g1WNLmnSQAICeCTcmSwEXtnH26', 'esther', NULL, '[\"ROLE_USER\", \"ROLE_COMPTE_FAC\", \"ROLE_CHEF_SERVICE\"]'),
(96, 28, 'Nankanfu', 'Nankanfu', NULL, '$2y$13$LiF3BsKC9X7yATh3kzbeXe5HSc8R8FqGwDKYgJV3tdt8UsJ.bmlaC', 'Nankanfu', NULL, '[\"ROLE_USER\", \"ROLE_COMPTE_FAC\", \"ROLE_CHEF_SERVICE\"]'),
(97, 28, 'Muteho', 'Kasongo', 'marina', '$2y$13$uWPWX1ZnLKlQ5Bers/j1ouxvhLe4qGP4umWUZdd3cndzIobx52VTS', 'Muteho', NULL, '[\"ROLE_USER\", \"ROLE_CHEF_SERVICE\"]'),
(98, 22, 'Mugombozi', 'Mugombozi', 'Felicite', '$2y$13$rglr.FeIijtlryd33xvY1uch6Vgs7vGhvcVUyawKLG7BrbYVvN5Bq', 'Felicite', NULL, '[\"ROLE_USER\", \"ROLE_COMPTE_FAC\", \"ROLE_CHEF_SERVICE\"]'),
(99, 22, 'Kahindo', 'Nguru', 'Aristide', '$2y$13$7C.b7sSaV8JHO5fFqu/6c.zXj14n9olectl0wRxfV1n0iqqbCgx7.', 'Nguru', NULL, '[\"ROLE_USER\", \"ROLE_CHEF_SERVICE\"]'),
(100, 23, 'Edwige', 'Edwige', 'Edwige', '$2y$13$3G4GEYfEtYQGymgbk/6Z1.TQ2LCIr3rF792bEPbwDWECpjTjVM.T6', 'Edwige', NULL, '[\"ROLE_USER\", \"ROLE_COMPTE_FAC\", \"ROLE_CHEF_SERVICE\"]'),
(101, 23, 'Kikandi', 'alain', 'alain', '$2y$13$Reu536px0ewmHIrD0ndgSur/aicRzZffjZ58n2Nr0ozXA0m/RvPpu', 'Kikandi', NULL, '[\"ROLE_USER\", \"ROLE_CHEF_SERVICE\"]'),
(102, 25, 'Linalyayenga', 'Lyn', 'Lyn', '$2y$13$gKnobI9IG/xLbx27qjSiUODv6ru00JO1Vp3g4OSjjqNkJAuecjpsO', 'Lyn', NULL, '[\"ROLE_USER\", \"ROLE_COMPTE_FAC\", \"ROLE_CHEF_SERVICE\"]'),
(103, 25, 'Muderhwa', 'BARHATULIRWA', 'Vincent', '$2y$13$lx7cU.F6THZ28y6Fa355kuAGgFY7h5f.Mky3fKfYoOaVcoA1i9gRG', 'Muderhwa', NULL, '[\"ROLE_USER\", \"ROLE_CHEF_SERVICE\"]'),
(104, 26, 'Byaombe', 'Lukendo', 'Alain', '$2y$13$Hdm1CpaXuNxV.8ejPAewIO8Qa0N.bEmrnmjfqmQwkcz9i4CsffQ7y', 'Byaombe', NULL, '[\"ROLE_USER\", \"ROLE_COMPTE_FAC\", \"ROLE_CHEF_SERVICE\"]'),
(105, 26, 'Karafuli', 'Kambale', 'leopold', '$2y$13$5fBDZFTov9u.dkwPGZJvduZhkUVGbLoNWRIJ8dgvSXPS3rNCZfi.q', 'Karafuli', NULL, '[\"ROLE_USER\", \"ROLE_CHEF_SERVICE\"]'),
(106, 27, 'Musongya', 'bisimwa', 'Dieudonne', '$2y$13$RvUJcZ0x.WgZjA4b6dAcLuialbwDinW6oWySklA7nD712Wia0zk42', 'Musongya', NULL, '[\"ROLE_USER\", \"ROLE_COMPTE_FAC\"]'),
(107, 27, 'Baraka', 'Mushagi', 'Olivier', '$2y$13$ssmZVA9b96yorkV6fAGb7O31nqDlqXLjN5qRrt6g/Lg5XOTEYoNg2', 'Baraka', NULL, '[\"ROLE_USER\", \"ROLE_CHEF_SERVICE\"]'),
(108, 11, 'nzarubara', 'nzarubara', 'Deborah', '$2y$13$YBH7oZzfMeI/y7zPHDXm3ecmA3OJBm8SeS2CttgKS91uPFPXtN69u', 'Deborah', NULL, '[\"ROLE_USER\", \"ROLE_COMPTE_FAC\", \"ROLE_CHEF_SERVICE\"]'),
(109, 5, 'Nzuva', 'kabale', 'Claudine', '$2y$13$gJCi4fBZpJotfKsCPbrxx.u3nJnPQ7zbukbPiMElUcqF0vtDrGZ2K', 'Claudine', NULL, '[\"ROLE_USER\", \"ROLE_AUDIT\"]'),
(110, 31, 'nzarubara', 'nzarubara', 'Deborah', '$2y$13$/vprcjKqEbD2c0S9sudTWeZeE5pXnTqSmomx7VCYJld6csX5aEucS', 'creche', NULL, '[\"ROLE_USER\", \"ROLE_COMPTE_FAC\", \"ROLE_CHEF_SERVICE\"]'),
(111, 32, 'nzarubara', 'nzarubara', 'Deborah', '$2y$13$py1wWxhkMLD8prl1dmwBmenPs.PVDRgKv.JwNUODudXEcD4eztnIG', 'jovial', NULL, '[\"ROLE_USER\", \"ROLE_COMPTE_FAC\", \"ROLE_CHEF_SERVICE\"]'),
(112, 24, 'Ntabe', 'Namegabe', 'Edmond', '$2y$13$feLo09Lfl3nC8/Z0lEiJy.Q37.0E2QGagmUBk3UMEOrhOV7BsBujW', 'Ntabe', NULL, '[\"ROLE_USER\", \"ROLE_CHEF_SERVICE\"]'),
(113, 7, 'Sinahofo', 'kumbuka', 'nono', '$2y$13$4AVGk2ScYeNrkJRgM9KTJuNdE.HanltFLTMXpEe9iAERG5v/HZ8Qy', 'Sinahofo', NULL, '[\"ROLE_USER\", \"ROLE_CHEF_SERVICE\", \"ROLE_COMPTE_FAC\"]'),
(114, 10, 'Kamuha', 'kavira', 'Cecile', '$2y$13$hMB1fg4DVYLNuLzS3zrHpeV83WTMzYdSu5eQndbCg834/Bhkk0wni', 'cecile', NULL, '[\"ROLE_USER\", \"ROLE_COMPTE_FAC\", \"ROLE_CHEF_SERVICE\"]'),
(115, 4, 'Bakwanamaha', 'Bakwanamaha', 'William', '$2y$13$JAQ0jflaZqt64/eCmwl5heT5C7OeC7X.UZA/7UccGj4tUpLGvFl96', 'William', NULL, '[\"ROLE_USER\", \"ROLE_COMPTABILITE\"]'),
(116, 9, 'Munganganizi', 'Ndele', 'André', '$2y$13$PRCzkPFvH007XaFRuU5jMuxKNXD3vUSVDlmkMZS.DPHCbdgdJRHmi', 'André', NULL, '[\"ROLE_USER\", \"ROLE_COMPTE_FAC\", \"ROLE_CHEF_SERVICE\"]'),
(117, 11, 'KATUNGU', 'BASAMBYA', 'Onique', '$2y$13$SqI2B6OwqmT8aqat7j3SwO1tqiPdInQIFB7Bkv9B09D17ycLINYwW', 'Onique couture', NULL, '[\"ROLE_USER\", \"ROLE_CHEF_SERVICE\"]'),
(118, 31, 'KATUNGU', 'BASAMBYA', 'Onique', '$2y$13$DrPOxNrttpyz5veHQuzKFOYN0CMrsYiw4fRoKzuc61lKDFmc2bOEu', 'Onique creche', NULL, '[\"ROLE_USER\", \"ROLE_CHEF_SERVICE\"]'),
(119, 32, 'KATUNGU', 'BASAMBYA', 'Onique', '$2y$13$WlQuYmX7UbybH93CKuKcCeJ7ec4BnFcMSU2FEquYO8vN/oM.DEfZy', 'Onique jovial', NULL, '[\"ROLE_USER\", \"ROLE_CHEF_SERVICE\"]');

-- --------------------------------------------------------

--
-- Structure de la table `plantresorerie`
--

DROP TABLE IF EXISTS `plantresorerie`;
CREATE TABLE IF NOT EXISTS `plantresorerie` (
  `id` int(11) NOT NULL AUTO_INCREMENT,
  `lignebudget_id` int(11) NOT NULL,
  `besoin` double NOT NULL,
  `realisation` double DEFAULT NULL,
  `observation` varchar(255) COLLATE utf8mb4_unicode_ci DEFAULT NULL,
  `date_debut` datetime NOT NULL,
  `date_fin` datetime NOT NULL,
  `valider` tinyint(1) DEFAULT NULL,
  PRIMARY KEY (`id`),
  KEY `IDX_D26E6EB047F1F2EE` (`lignebudget_id`)
) ENGINE=InnoDB AUTO_INCREMENT=3 DEFAULT CHARSET=utf8mb4 COLLATE=utf8mb4_unicode_ci;

-- --------------------------------------------------------

--
-- Structure de la table `previsionbudget`
--

DROP TABLE IF EXISTS `previsionbudget`;
CREATE TABLE IF NOT EXISTS `previsionbudget` (
  `id` int(11) NOT NULL AUTO_INCREMENT,
  `anneebudgetprevision_id` int(11) NOT NULL,
  `service_id` int(11) NOT NULL,
  `lignebudgetprevision_id` int(11) NOT NULL,
  `montantprevision` double NOT NULL,
  `iscentraliser` tinyint(1) DEFAULT NULL,
  `sousrubrique_id` int(11) DEFAULT NULL,
  `is_valideted` tinyint(1) DEFAULT NULL,
  PRIMARY KEY (`id`),
  KEY `IDX_D4709154E0BFF4B5` (`anneebudgetprevision_id`),
  KEY `IDX_D4709154ED5CA9E6` (`service_id`),
  KEY `IDX_D470915496AAD304` (`lignebudgetprevision_id`),
  KEY `IDX_D4709154BEE02DA1` (`sousrubrique_id`)
) ENGINE=InnoDB AUTO_INCREMENT=545 DEFAULT CHARSET=utf8mb4 COLLATE=utf8mb4_unicode_ci;

--
-- Déchargement des données de la table `previsionbudget`
--

INSERT INTO `previsionbudget` (`id`, `anneebudgetprevision_id`, `service_id`, `lignebudgetprevision_id`, `montantprevision`, `iscentraliser`, `sousrubrique_id`, `is_valideted`) VALUES
(51, 1, 22, 31, 1200, 1, 4, 1),
(52, 1, 22, 33, 201125, 1, 4, 1),
(54, 1, 22, 35, 6550, 1, 4, 1),
(55, 1, 7, 100, 300, 1, 17, 1),
(56, 1, 7, 98, 350, 1, 17, 1),
(57, 1, 7, 106, 1000, 1, 5, 1),
(58, 1, 7, 109, 10500, 1, 5, 1),
(59, 1, 7, 120, 100, 0, 5, 1),
(60, 1, 7, 130, 300, 1, 5, 1),
(61, 1, 7, 148, 100, 0, 5, 1),
(62, 1, 7, 157, 1000, 1, 5, 1),
(63, 1, 7, 165, 700, 0, 5, 1),
(64, 1, 5, 85, 8575, 1, 3, 1),
(65, 1, 5, 44, 588, 1, 3, 1),
(67, 1, 4, 44, 55, 1, 3, 1),
(68, 1, 4, 62, 588, 1, 3, 1),
(69, 1, 5, 221, 100, 1, 3, 1),
(70, 2, 28, 31, 1000, 1, 4, 1),
(71, 2, 28, 33, 42710, 1, 4, 1),
(72, 2, 28, 35, 930, 1, 6, 1),
(73, 2, 28, 37, 700, 1, 4, 1),
(74, 2, 28, 36, 400, 1, 4, 1),
(75, 2, 28, 38, 70, 1, 4, 1),
(76, 2, 28, 45, 10, 0, 4, 1),
(77, 2, 28, 48, 2000, 0, 4, 1),
(78, 2, 28, 49, 225, 0, 4, 1),
(79, 2, 28, 50, 255, 0, 4, 1),
(80, 2, 28, 222, 4500, 1, 4, 1),
(81, 2, 28, 71, 200, 0, 4, 1),
(82, 2, 28, 223, 8475, 1, 4, 1),
(83, 2, 28, 224, 4237, 1, 4, 1),
(84, 2, 22, 31, 3500, 1, 4, 1),
(85, 2, 22, 33, 242000, 1, 4, 1),
(86, 2, 22, 35, 6400, 1, 6, 1),
(87, 2, 22, 37, 1090, 1, 4, 1),
(88, 2, 22, 36, 3500, 1, 4, 1),
(89, 2, 22, 38, 700, 1, 4, 1),
(90, 2, 22, 45, 500, 0, 4, 1),
(91, 2, 22, 48, 15600, 0, 4, 1),
(92, 2, 22, 49, 300, 0, 4, 1),
(93, 2, 22, 50, 900, 0, 4, 1),
(94, 2, 22, 222, 27000, 1, 4, 1),
(95, 2, 22, 71, 550, 0, 4, 1),
(96, 2, 23, 31, 4000, 1, 4, 1),
(97, 2, 23, 33, 250500, 1, 4, 1),
(98, 2, 23, 35, 10730, 1, 4, 1),
(99, 2, 23, 37, 6700, 1, 4, 1),
(100, 2, 23, 36, 3300, 1, 4, 1),
(101, 2, 23, 38, 700, 1, 4, 1),
(102, 2, 23, 45, 240, 0, 6, 1),
(103, 2, 23, 48, 23500, 0, 4, 1),
(104, 2, 23, 49, 1550, 0, 4, 1),
(105, 2, 23, 50, 1550, 0, 4, 1),
(106, 2, 23, 53, 465, 1, 6, 1),
(107, 2, 23, 222, 28000, 1, 4, 1),
(108, 2, 23, 71, 550, 0, 4, 1),
(109, 2, 26, 31, 4000, 1, 4, 1),
(110, 2, 26, 33, 163595, 1, 4, 1),
(111, 2, 26, 35, 4390, 1, 4, 1),
(112, 2, 26, 37, 3390, 1, 4, 1),
(113, 2, 26, 36, 2000, 1, 4, 1),
(114, 2, 26, 38, 210, 1, 4, 1),
(115, 2, 26, 45, 1694, 0, 6, 1),
(116, 2, 26, 48, 10650, 0, 4, 1),
(117, 2, 26, 49, 1300, 0, 4, 1),
(118, 2, 26, 222, 19000, 1, 4, 1),
(119, 2, 26, 51, 339, 0, 4, 1),
(120, 2, 26, 71, 450, 0, 4, 1),
(121, 2, 25, 31, 3000, 1, 4, 1),
(122, 2, 25, 33, 80663, 1, 4, 1),
(123, 2, 25, 35, 1240, 1, 4, 1),
(124, 2, 25, 37, 1130, 1, 4, 1),
(125, 2, 25, 36, 2000, 1, 4, 1),
(126, 2, 25, 38, 210, 1, 4, 1),
(127, 2, 25, 45, 226, 0, 6, 1),
(128, 2, 25, 48, 3850, 0, 4, 1),
(129, 2, 25, 49, 265, 0, 4, 1),
(130, 2, 25, 50, 265, 0, 4, 1),
(131, 2, 25, 222, 12000, 1, 4, 1),
(132, 2, 25, 71, 1077, 0, 4, 1),
(133, 2, 27, 31, 5000, 1, 4, 1),
(134, 2, 27, 33, 244430, 1, 4, 1),
(135, 2, 27, 35, 7500, 0, 4, 1),
(136, 2, 27, 37, 3000, 1, 4, 1),
(137, 2, 27, 36, 4250, 1, 4, 1),
(138, 2, 27, 38, 700, 1, 4, 1),
(139, 2, 27, 45, 1040, 0, 6, 1),
(140, 2, 27, 48, 10070, 0, 4, 1),
(141, 2, 27, 49, 550, 0, 4, 1),
(142, 2, 27, 50, 700, 0, 4, 1),
(143, 2, 27, 222, 29500, 1, 4, 1),
(144, 2, 27, 71, 900, 0, 4, 1),
(145, 2, 24, 31, 4500, 1, 4, 1),
(146, 2, 24, 33, 231800, 1, 4, 1),
(147, 2, 24, 35, 6750, 1, 4, 1),
(148, 2, 24, 37, 3500, 1, 4, 1),
(149, 2, 24, 36, 5000, 1, 4, 1),
(150, 2, 24, 38, 1400, 1, 4, 1),
(151, 2, 24, 45, 940, 0, 6, 1),
(152, 2, 24, 48, 5000, 0, 4, 1),
(153, 2, 24, 49, 1050, 0, 4, 1),
(154, 2, 24, 51, 47000, 0, 4, 1),
(155, 2, 24, 222, 26000, 1, 4, 1),
(156, 2, 24, 71, 700, 0, 4, 1),
(157, 2, 28, 225, 200, 0, 17, 1),
(158, 2, 28, 226, 700, 0, 17, 1),
(159, 2, 28, 227, 150, 0, 15, 1),
(160, 2, 28, 116, 200, 0, 15, 1),
(161, 2, 28, 127, 600, 0, 15, 1),
(162, 2, 28, 119, 500, 1, 25, 1),
(163, 2, 28, 120, 580, 0, 25, 1),
(164, 2, 28, 129, 200, 1, 22, 1),
(165, 2, 28, 228, 10, 0, 22, 1),
(166, 2, 28, 229, 50, 0, 23, 1),
(167, 2, 28, 148, 130, 0, 32, 1),
(168, 2, 28, 150, 8800, 1, 18, 1),
(169, 2, 28, 151, 7890, 1, 18, 1),
(170, 2, 28, 230, 120, 0, 33, 1),
(171, 2, 28, 162, 1000, 1, 33, 1),
(172, 2, 28, 158, 3500, 1, 18, 1),
(173, 2, 28, 165, 50, 0, 18, 1),
(174, 2, 28, 159, 1350, 1, 14, 1),
(175, 2, 28, 231, 285, 1, 14, 1),
(176, 2, 28, 232, 3000, 1, 18, 1),
(177, 2, 28, 199, 200, 1, 32, 1),
(178, 2, 28, 207, 170572.9, 1, 33, 1),
(179, 2, 28, 210, 1700, 1, 32, 1),
(180, 2, 28, 211, 250, 1, 32, 1),
(181, 2, 28, 195, 8475, 1, 18, 1),
(182, 2, 28, 196, 4240, 1, 18, 1),
(183, 2, 22, 225, 300, 0, 17, 1),
(184, 2, 22, 226, 700, 0, 17, 1),
(185, 2, 22, 227, 1000, 0, 15, 1),
(186, 2, 22, 116, 100, 0, 15, 1),
(187, 2, 22, 127, 150, 0, 15, 1),
(188, 2, 22, 119, 1100, 1, 25, 1),
(189, 2, 22, 120, 400, 0, 25, 1),
(190, 2, 22, 129, 2500, 1, 22, 1),
(191, 2, 22, 228, 200, 0, 22, 1),
(192, 2, 22, 229, 200, 0, 23, 1),
(193, 2, 22, 148, 900, 0, 32, 1),
(194, 2, 22, 150, 16000, 1, 18, 1),
(195, 2, 22, 151, 13300, 1, 18, 1),
(196, 2, 22, 230, 120, 0, 33, 1),
(197, 2, 22, 158, 12600, 1, 18, 1),
(198, 2, 22, 165, 150, 0, 18, 1),
(199, 2, 22, 159, 7200, 1, 14, 1),
(200, 2, 22, 232, 550, 1, 18, 1),
(201, 2, 22, 199, 250, 1, 32, 1),
(202, 2, 22, 207, 155701.4, 1, 33, 1),
(203, 2, 22, 210, 3300, 1, 32, 1),
(204, 2, 22, 211, 365, 1, 32, 1),
(205, 2, 23, 225, 300, 0, 17, 1),
(206, 2, 23, 226, 1400, 0, 17, 1),
(207, 2, 23, 227, 200, 0, 15, 1),
(208, 2, 23, 127, 200, 0, 15, 1),
(209, 2, 23, 119, 3500, 1, 25, 1),
(210, 2, 23, 120, 800, 0, 25, 1),
(211, 2, 23, 129, 3500, 1, 22, 1),
(212, 2, 23, 228, 100, 0, 22, 1),
(213, 2, 23, 229, 200, 0, 23, 1),
(214, 2, 23, 148, 900, 0, 32, 1),
(215, 2, 23, 150, 40860, 1, 18, 1),
(216, 2, 23, 151, 7000, 1, 18, 1),
(217, 2, 23, 230, 120, 0, 33, 1),
(218, 2, 23, 158, 18500, 1, 18, 1),
(219, 2, 23, 165, 50, 0, 18, 1),
(220, 2, 23, 159, 6500, 1, 14, 1),
(221, 2, 23, 231, 930, 1, 14, 1),
(222, 2, 23, 232, 620, 1, 18, 1),
(223, 2, 23, 199, 300, 1, 32, 1),
(224, 2, 23, 207, 142078.6, 1, 33, 1),
(225, 2, 23, 210, 2800, 1, 32, 1),
(226, 2, 23, 211, 150, 1, 32, 1),
(227, 2, 23, 100, 1700, 1, 17, 1),
(228, 2, 23, 105, 350, 0, 17, 1),
(229, 2, 23, 115, 300, 1, 23, 1),
(230, 2, 26, 225, 300, 0, 17, 1),
(231, 2, 26, 226, 700, 0, 17, 1),
(232, 2, 26, 227, 1000, 0, 17, 1),
(233, 2, 26, 119, 1000, 1, 25, 1),
(234, 2, 26, 120, 850, 0, 25, 1),
(235, 2, 26, 129, 1000, 1, 22, 1),
(236, 2, 26, 228, 120, 0, 22, 1),
(237, 2, 26, 229, 200, 0, 23, 1),
(238, 2, 26, 148, 900, 0, 32, 1),
(239, 2, 26, 150, 7000, 1, 18, 1),
(240, 2, 26, 151, 6500, 1, 18, 1),
(241, 2, 26, 230, 120, 0, 33, 1),
(242, 2, 26, 158, 9500, 1, 18, 1),
(243, 2, 26, 165, 200, 0, 18, 1),
(244, 2, 26, 159, 5200, 1, 14, 1),
(245, 2, 26, 231, 678, 1, 14, 1),
(246, 2, 26, 232, 1695, 1, 18, 1),
(247, 2, 26, 199, 800, 1, 32, 1),
(248, 2, 26, 207, 118384.2, 1, 33, 1),
(249, 2, 26, 210, 1200, 1, 32, 1),
(250, 2, 26, 211, 560, 1, 32, 1),
(251, 2, 26, 233, 170, 1, 18, 1),
(252, 2, 26, 163, 7300, 1, 18, 1),
(253, 2, 25, 225, 250, 0, 17, 1),
(254, 2, 25, 227, 500, 0, 17, 1),
(255, 2, 25, 116, 200, 0, 17, 1),
(256, 2, 25, 127, 200, 0, 22, 1),
(257, 2, 25, 119, 2700, 1, 22, 1),
(258, 2, 25, 120, 300, 0, 23, 1),
(259, 2, 25, 129, 1600, 1, 32, 1),
(260, 2, 25, 228, 50, 0, 18, 1),
(261, 2, 25, 229, 50, 0, 18, 1),
(262, 2, 25, 148, 300, 0, 33, 1),
(263, 2, 25, 150, 28200, 1, 18, 1),
(264, 2, 25, 151, 840, 1, 18, 1),
(265, 2, 25, 230, 120, 0, 33, 1),
(266, 2, 25, 158, 3450, 0, 21, 1),
(267, 2, 25, 165, 200, 0, 14, 1),
(268, 2, 25, 159, 1560, 1, 14, 1),
(269, 2, 25, 231, 400, 1, 32, 1),
(270, 2, 25, 199, 1609, 0, 32, 1),
(271, 2, 25, 207, 58248, 1, 33, 1),
(272, 2, 25, 210, 1050, 1, 32, 1),
(273, 2, 25, 211, 135, 1, 32, 1),
(274, 2, 27, 225, 350, 0, 17, 1),
(275, 2, 27, 227, 700, 0, 17, 1),
(276, 2, 27, 116, 700, 0, 17, 1),
(277, 2, 27, 127, 1500, 0, 22, 1),
(278, 2, 27, 119, 8566.4, 1, 22, 1),
(279, 2, 27, 120, 850, 0, 23, 1),
(280, 2, 27, 129, 13800, 1, 32, 1),
(281, 2, 27, 228, 100, 0, 18, 1),
(282, 2, 27, 229, 150, 0, 18, 1),
(283, 2, 27, 148, 900, 0, 33, 1),
(284, 2, 27, 150, 56412, 1, 18, 1),
(285, 2, 27, 151, 2700, 1, 14, 1),
(286, 2, 27, 230, 120, 0, 33, 1),
(287, 2, 27, 158, 13500, 0, 15, 1),
(288, 2, 27, 165, 200, 0, 14, 1),
(289, 2, 27, 159, 3400, 0, 21, 1),
(290, 2, 27, 199, 200, 0, 32, 1),
(291, 2, 27, 207, 74196.2, 1, 33, 1),
(292, 2, 27, 210, 2100, 1, 32, 1),
(293, 2, 27, 211, 250, 1, 32, 1),
(294, 2, 27, 115, 1000, 1, 23, 1),
(295, 2, 24, 225, 400, 0, 17, 1),
(296, 2, 24, 226, 500, 0, 17, 1),
(297, 2, 24, 227, 1000, 0, 17, 1),
(298, 2, 24, 116, 1000, 0, 17, 1),
(299, 2, 24, 105, 1500, 0, 18, 1),
(300, 2, 24, 127, 2000, 0, 22, 1),
(301, 2, 24, 119, 2700, 1, 22, 1),
(302, 2, 24, 120, 400, 0, 23, 1),
(303, 2, 24, 129, 5600, 1, 32, 1),
(304, 2, 24, 228, 250, 0, 18, 1),
(305, 2, 24, 229, 200, 0, 18, 1),
(306, 2, 24, 148, 350, 0, 33, 1),
(307, 2, 24, 150, 28985, 1, 18, 1),
(308, 2, 24, 151, 2200, 1, 18, 1),
(309, 2, 24, 164, 24805, 1, 18, 1),
(310, 2, 24, 230, 120, 0, 33, 1),
(311, 2, 24, 162, 5365, 1, 33, 1),
(312, 2, 24, 158, 3300, 0, 18, 1),
(313, 2, 24, 165, 500, 0, 18, 1),
(314, 2, 24, 159, 4250, 0, 18, 1),
(315, 2, 24, 231, 300, 0, 18, 1),
(316, 2, 24, 232, 500, 1, 18, 1),
(317, 2, 24, 199, 300, 0, 32, 1),
(318, 2, 24, 207, 28062, 1, 33, 1),
(319, 2, 24, 210, 1250, 1, 32, 1),
(320, 2, 24, 211, 260, 1, 32, 1),
(321, 2, 29, 57, 22240, 1, 3, 1),
(322, 2, 29, 71, 1500, 0, 3, 1),
(323, 2, 29, 234, 11120, 1, 19, 1),
(324, 2, 29, 227, 360, 0, 17, 1),
(325, 2, 29, 148, 240, 0, 21, 1),
(326, 2, 29, 229, 1560, 0, 23, 1),
(327, 2, 29, 156, 6672, 1, 21, 1),
(328, 2, 29, 200, 3000, 1, 20, 1),
(329, 2, 30, 29, 500, 1, 3, 1),
(330, 2, 30, 30, 8000, 1, 3, 1),
(331, 2, 30, 32, 4000, 1, 3, 1),
(332, 2, 30, 34, 800, 1, 3, 1),
(333, 2, 30, 235, 500, 1, 3, 1),
(334, 2, 30, 236, 2500, 1, 6, 1),
(335, 2, 30, 71, 2500, 0, 3, 1),
(336, 2, 30, 237, 820, 1, 3, 1),
(337, 2, 30, 152, 6000, 1, 18, 1),
(338, 2, 30, 238, 1500, 1, 18, 1),
(339, 2, 30, 227, 260, 0, 18, 1),
(340, 2, 30, 120, 440, 0, 18, 1),
(341, 2, 30, 129, 1000, 1, 18, 1),
(342, 2, 30, 148, 200, 0, 30, 1),
(343, 2, 30, 239, 2500, 1, 18, 1),
(344, 2, 30, 240, 160, 1, 18, 1),
(345, 2, 30, 199, 150, 1, 18, 1),
(346, 2, 30, 241, 1410, 1, 33, 1),
(347, 2, 8, 242, 9350, 1, 14, 1),
(348, 2, 8, 243, 1500, 1, 15, 1),
(349, 2, 8, 116, 200, 0, 21, 1),
(350, 2, 8, 130, 180, 1, 21, 1),
(351, 2, 8, 148, 350, 0, 21, 1),
(352, 2, 8, 244, 120, 1, 15, 1),
(353, 2, 8, 245, 10000, 1, 15, 1),
(354, 2, 11, 248, 85, 0, 36, 1),
(355, 2, 11, 55, 2310, 0, 36, 1),
(356, 2, 11, 246, 269.6, 0, 36, 1),
(358, 2, 11, 117, 425, 0, 36, 1),
(359, 2, 11, 140, 75, 0, 36, 1),
(360, 2, 11, 153, 440, 0, 36, 1),
(361, 2, 11, 200, 408, 0, 36, 1),
(362, 2, 11, 199, 180, 0, 36, 1),
(363, 2, 31, 248, 200, 0, 36, 1),
(364, 2, 31, 56, 6700, 0, 36, 1),
(365, 2, 31, 71, 50, 0, 36, 1),
(366, 2, 31, 249, 20, 1, 36, 1),
(367, 2, 31, 99, 100, 1, 36, 1),
(368, 2, 31, 227, 50, 0, 36, 1),
(369, 2, 31, 234, 2000, 0, 36, 1),
(370, 2, 31, 115, 20, 0, 36, 1),
(371, 2, 31, 132, 50, 1, 36, 1),
(372, 2, 31, 148, 30, 0, 36, 1),
(373, 2, 31, 146, 50, 1, 36, 1),
(374, 2, 31, 154, 100, 0, 36, 1),
(375, 2, 31, 185, 690, 0, 36, 1),
(376, 2, 31, 199, 100, 0, 36, 1),
(377, 2, 31, 207, 3500, 0, 36, 1),
(378, 2, 32, 57, 32013, 0, 36, 1),
(379, 2, 32, 71, 10000, 0, 36, 1),
(380, 2, 32, 99, 200, 0, 36, 1),
(381, 2, 32, 234, 26019.83, 0, 36, 1),
(382, 2, 32, 227, 160, 0, 36, 1),
(383, 2, 32, 148, 100, 0, 36, 1),
(384, 2, 32, 156, 4667.16, 0, 36, 1),
(385, 2, 32, 200, 1000, 0, 36, 1),
(386, 2, 32, 199, 2000, 0, 36, 1),
(387, 2, 10, 59, 25350, 0, 9, 1),
(388, 2, 10, 60, 530, 0, 9, 1),
(389, 2, 10, 61, 1500, 1, 3, 1),
(390, 2, 10, 63, 50, 0, 3, 1),
(391, 2, 10, 62, 200, 0, 3, 1),
(392, 2, 10, 250, 40, 0, 3, 1),
(393, 2, 10, 251, 1110, 0, 6, 1),
(394, 2, 10, 252, 5, 1, 3, 1),
(395, 2, 10, 253, 20, 1, 3, 1),
(396, 2, 10, 254, 500, 1, 3, 1),
(397, 2, 10, 255, 200, 1, 3, 1),
(398, 2, 10, 256, 1500, 1, 3, 1),
(399, 2, 10, 257, 200, 1, 3, 1),
(400, 2, 10, 258, 63, 0, 9, 1),
(401, 2, 10, 227, 360, 0, 17, 1),
(402, 2, 10, 116, 420, 0, 21, 1),
(403, 2, 10, 127, 150, 0, 21, 1),
(404, 2, 10, 120, 180, 0, 21, 1),
(405, 2, 10, 228, 50, 0, 9, 1),
(406, 2, 10, 148, 200, 0, 21, 1),
(407, 2, 10, 146, 330, 1, 21, 1),
(408, 2, 10, 141, 620, 1, 23, 1),
(409, 2, 10, 259, 400, 1, 21, 1),
(410, 2, 10, 260, 100, 0, 18, 1),
(411, 2, 10, 185, 450, 1, 29, 1),
(412, 2, 10, 199, 179, 0, 32, 1),
(413, 2, 10, 153, 18369, 0, 18, 1),
(414, 2, 10, 207, 21816, 1, 18, 1),
(415, 2, 10, 99, 2350, 1, 17, 1),
(416, 2, 7, 262, 480, 1, 5, 1),
(417, 2, 7, 261, 2500, 1, 5, 1),
(418, 2, 7, 263, 4000, 1, 5, 1),
(419, 2, 7, 264, 2000, 1, 5, 1),
(420, 2, 7, 265, 2250, 1, 5, 1),
(421, 2, 7, 266, 4000, 1, 5, 1),
(422, 2, 7, 267, 1500, 1, 5, 1),
(423, 2, 7, 39, 300, 1, 5, 1),
(424, 2, 7, 268, 246.9, 1, 5, 1),
(425, 2, 7, 42, 20, 1, 5, 1),
(426, 2, 7, 43, 50, 1, 5, 1),
(427, 2, 7, 61, 300, 1, 5, 1),
(428, 2, 7, 100, 1000, 1, 5, 1),
(429, 2, 7, 269, 700, 1, 5, 1),
(430, 2, 7, 116, 500, 0, 5, 1),
(431, 2, 7, 271, 1000, 1, 5, 1),
(432, 2, 7, 272, 1500, 1, 5, 1),
(433, 2, 7, 273, 1500, 1, 5, 1),
(434, 2, 7, 274, 1000, 1, 5, 1),
(435, 2, 7, 275, 1000, 1, 5, 1),
(436, 2, 7, 276, 1500, 1, 5, 1),
(437, 2, 7, 277, 1500, 1, 5, 1),
(438, 2, 7, 157, 750, 1, 5, 1),
(439, 2, 7, 278, 1000, 1, 5, 1),
(440, 2, 7, 227, 300, 0, 5, 1),
(441, 2, 7, 130, 200, 1, 5, 1),
(442, 2, 7, 229, 506.9, 0, 5, 1),
(443, 2, 7, 165, 1440, 0, 5, 1),
(444, 2, 7, 208, 250, 1, 5, 1),
(445, 2, 7, 279, 1000, 1, 5, 1),
(446, 2, 7, 280, 1000, 1, 5, 1),
(447, 2, 9, 24, 16710, 0, 30, 1),
(448, 2, 9, 25, 3000, 1, 30, 1),
(449, 2, 9, 26, 2000, 1, 30, 1),
(450, 2, 9, 281, 200, 1, 30, 1),
(451, 2, 9, 282, 100, 1, 30, 1),
(452, 2, 9, 27, 4000, 0, 30, 1),
(453, 2, 9, 28, 300, 0, 30, 1),
(454, 2, 9, 92, 13500, 1, 16, 1),
(455, 2, 9, 100, 350, 1, 17, 1),
(456, 2, 9, 99, 150, 0, 19, 1),
(457, 2, 9, 283, 2500, 1, 19, 1),
(458, 2, 9, 114, 5000, 0, 21, 1),
(459, 2, 9, 227, 150, 0, 19, 1),
(460, 2, 9, 116, 100, 0, 17, 1),
(461, 2, 9, 120, 200, 0, 21, 1),
(462, 2, 9, 228, 220, 0, 22, 1),
(463, 2, 9, 131, 200, 0, 23, 1),
(464, 2, 9, 156, 2000, 0, 33, 1),
(465, 2, 9, 165, 50, 0, 32, 1),
(466, 2, 9, 187, 60, 1, 29, 1),
(467, 2, 9, 199, 50, 0, 32, 1),
(468, 2, 9, 207, 27840, 1, 33, 1),
(469, 2, 9, 211, 560, 1, 32, 1),
(470, 2, 9, 284, 6000, 0, 32, 1),
(471, 2, 9, 148, 150, 0, 21, 1),
(472, 2, 5, 221, 100, 1, 3, 1),
(473, 2, 5, 21, 534, 1, 21, 1),
(474, 2, 5, 22, 22240, 1, 3, 1),
(475, 2, 5, 23, 23200, 1, 3, 1),
(476, 2, 5, 27, 300, 1, 6, 1),
(477, 2, 5, 29, 68250, 1, 3, 1),
(478, 2, 5, 44, 400, 1, 6, 1),
(479, 2, 5, 45, 4650, 0, 6, 1),
(480, 2, 5, 46, 350, 1, 6, 1),
(481, 2, 5, 47, 4200, 1, 6, 1),
(482, 2, 5, 52, 950, 1, 6, 1),
(483, 2, 5, 65, 33600, 1, 3, 1),
(484, 2, 5, 66, 12000, 1, 6, 1),
(485, 2, 5, 67, 3200, 1, 3, 1),
(488, 2, 5, 285, 3500, 1, 3, 1),
(489, 2, 5, 68, 4000, 1, 3, 1),
(490, 2, 5, 69, 5000, 1, 21, 1),
(491, 2, 5, 286, 700, 1, 3, 1),
(492, 2, 5, 70, 1500, 1, 10, 1),
(493, 2, 5, 71, 131050, 0, 10, 1),
(494, 2, 5, 72, 9500, 1, 21, 1),
(495, 2, 5, 73, 34000, 1, 11, 1),
(496, 2, 5, 74, 34000, 1, 11, 1),
(497, 2, 5, 288, 2000, 1, 15, 1),
(498, 2, 5, 75, 30000, 1, 29, 1),
(499, 2, 5, 289, 3000, 1, 29, 1),
(500, 2, 5, 78, 15000, 1, 4, 1),
(501, 2, 5, 76, 6150, 1, 4, 1),
(503, 2, 5, 81, 820, 1, 29, 1),
(504, 2, 5, 77, 29910, 1, 29, 1),
(505, 2, 5, 290, 300, 1, 29, 1),
(506, 2, 5, 82, 6600, 1, 29, 1),
(507, 2, 5, 291, 13000, 1, 3, 1),
(508, 2, 5, 292, 4000, 1, 3, 1),
(509, 2, 5, 287, 16950, 1, 29, 1),
(510, 2, 4, 98, 400, 1, 19, 1),
(511, 2, 4, 100, 700, 1, 19, 1),
(512, 2, 4, 293, 800, 1, 21, 1),
(513, 2, 4, 227, 1000, 0, 21, 1),
(514, 2, 4, 116, 250, 0, 21, 1),
(515, 2, 4, 120, 100, 0, 20, 1),
(516, 2, 4, 127, 1680, 0, 21, 1),
(517, 2, 4, 130, 100, 1, 32, 1),
(518, 2, 4, 229, 100, 0, 23, 1),
(519, 2, 4, 148, 1100, 0, 21, 1),
(520, 2, 4, 149, 9000, 1, 30, 1),
(521, 2, 4, 165, 50, 0, 19, 1),
(522, 2, 4, 194, 400, 1, 21, 1),
(523, 2, 4, 199, 500, 1, 32, 1),
(524, 2, 4, 203, 50, 1, 21, 1),
(525, 2, 4, 294, 63519.2, 1, 17, 1),
(526, 2, 4, 208, 1450, 1, 15, 1),
(527, 2, 4, 295, 3500, 1, 33, 1),
(528, 2, 4, 297, 1200, 1, 33, 1),
(529, 2, 4, 211, 200, 1, 32, 1),
(530, 2, 4, 219, 26000, 1, 32, 1),
(531, 2, 6, 92, 13500, 1, 16, 1),
(532, 2, 6, 93, 9870, 1, 16, 1),
(533, 2, 11, 247, 181, 0, 36, 1),
(534, 2, 25, 246, 745.06, 0, 4, 1),
(535, 2, 27, 246, 738, 0, 4, 1),
(536, 2, 10, 246, 142, 0, 3, 1),
(537, 2, 24, 246, 1993.3, 0, 4, 1),
(538, 2, 28, 246, 3696.85, 0, 4, 1),
(539, 2, 10, 298, 3638, 0, 9, 1),
(540, 2, 9, 246, 1300.94, 0, 15, 1),
(541, 2, 31, 246, 806.085, 0, 4, 1),
(542, 2, 32, 246, 83.84, 0, 36, 1),
(543, 2, 26, 130, 5, 1, 32, 1),
(544, 2, 26, 127, 15, 1, 26, 1);

-- --------------------------------------------------------

--
-- Structure de la table `recette`
--

DROP TABLE IF EXISTS `recette`;
CREATE TABLE IF NOT EXISTS `recette` (
  `id` int(11) NOT NULL AUTO_INCREMENT,
  `libelle` varchar(255) COLLATE utf8mb4_unicode_ci DEFAULT NULL,
  `montantrecette` double NOT NULL,
  `create_at` datetime NOT NULL,
  `description` varchar(255) COLLATE utf8mb4_unicode_ci DEFAULT NULL,
  `utilisateur_id` int(11) NOT NULL,
  `lignebudgetrecette_id` int(11) NOT NULL,
  `code_journaux_id` int(11) DEFAULT NULL,
  PRIMARY KEY (`id`),
  KEY `IDX_49BB6390FB88E14F` (`utilisateur_id`),
  KEY `IDX_49BB639063FBA0AB` (`lignebudgetrecette_id`),
  KEY `IDX_49BB6390FA88C9C3` (`code_journaux_id`)
) ENGINE=InnoDB AUTO_INCREMENT=986 DEFAULT CHARSET=utf8mb4 COLLATE=utf8mb4_unicode_ci;

--
-- Déchargement des données de la table `recette`
--

INSERT INTO `recette` (`id`, `libelle`, `montantrecette`, `create_at`, `description`, `utilisateur_id`, `lignebudgetrecette_id`, `code_journaux_id`) VALUES
(35, 'frais académique', 0, '2018-12-11 05:53:07', '0', 92, 52, NULL),
(36, 'frais académique antérieurs', 2736, '2018-12-12 05:55:21', 'pour l\'année 2016-2017', 92, 51, NULL),
(37, 'vente livre', 10, '2018-12-20 05:34:31', '2 livres', 93, 69, NULL),
(38, NULL, 0, '2018-12-28 04:11:13', NULL, 93, 96, NULL),
(39, 'g', 0, '2018-12-28 04:12:51', 'g', 93, 97, NULL),
(40, 'Dépôt rapport', 5, '2019-01-14 08:01:55', 'KUDIONYI', 102, 130, NULL),
(41, 'Dépôt rapport', 5, '2019-01-14 08:09:05', 'Merveille Kasitu', 102, 130, NULL),
(42, 'frais d\'inscription', 85, '2018-09-08 00:00:00', 'Pour 17 apprenants', 108, 354, NULL),
(43, 'frais insciption', 15, '2018-10-20 00:00:00', 'inscription octobre', 108, 354, NULL),
(44, NULL, 375, '2018-10-23 00:00:00', 'MINERVAL', 108, 355, NULL),
(45, 'Report Août', 269.6, '2018-09-02 00:00:00', 'report pour le mois de août', 108, 356, NULL),
(46, 'minerval', 140, '2018-09-06 00:00:00', 'frais minerval', 108, 355, NULL),
(47, 'Frais de  dépôt', 3040, '2018-10-18 00:00:00', 'Recettes octobre', 104, 116, NULL),
(48, 'Rapport terrain', 50, '2018-10-17 00:00:00', 'Recettes octobre terrain', 104, 119, NULL),
(49, 'frais dépôt Tfc et Mémoire', 550, '2018-10-02 00:00:00', 'pour le mois d\'octobre', 102, 128, NULL),
(50, 'frais de dépôt rapport de stage', 25, '2018-10-03 00:00:00', 'frais de dépôt rapport', 102, 130, NULL),
(51, 'autres produits', 130, '2018-10-04 00:00:00', 'autre propruit', 102, 132, NULL),
(52, NULL, 0, '2019-01-30 08:38:10', NULL, 93, 534, NULL),
(53, 'solde septembre', 745.06, '2018-10-01 00:00:00', 'report septembre', 102, 534, NULL),
(54, NULL, 0, '2019-01-31 01:24:52', NULL, 93, 535, NULL),
(55, 'Repport solde 2017-2018', 738, '2018-10-01 00:00:00', 'Montant en caisse', 106, 535, NULL),
(56, NULL, 0, '2019-01-31 01:30:14', NULL, 93, 135, NULL),
(57, 'inscription au rôle', 630, '2018-10-09 00:00:00', 'deuxieme session', 106, 135, NULL),
(58, 'Attestation de recherche', 8, '2018-10-11 00:00:00', 'attestation de recherche', 106, 139, NULL),
(59, 'Frais de TFC et Memoires', 1120, '2018-10-12 00:00:00', 'dépôt tfc et mémoires', 106, 140, NULL),
(60, 'Recommandation de stage', 425, '2018-10-15 00:00:00', 'recommandation', 106, 141, NULL),
(61, 'Dépôt rapport de stage', 30, '2018-10-17 00:00:00', 'rapport de stage', 106, 142, NULL),
(62, 'Autres produits accessoires', 250, '2019-01-23 00:00:00', 'autres produits', 106, 144, NULL),
(63, 'autres produits', 7, '2018-11-12 00:00:00', 'autres produits', 102, 132, NULL),
(64, NULL, 0, '2019-01-31 06:27:00', NULL, 93, 393, NULL),
(65, NULL, 0, '2019-01-31 06:27:09', NULL, 93, 400, NULL),
(66, NULL, 0, '2019-01-31 06:27:21', NULL, 93, 387, NULL),
(67, NULL, 0, '2019-01-31 06:27:47', NULL, 93, 390, NULL),
(68, NULL, 0, '2019-01-31 06:28:15', NULL, 93, 388, NULL),
(69, NULL, 0, '2019-01-31 06:28:34', NULL, 93, 392, NULL),
(70, NULL, 0, '2019-01-31 06:28:42', NULL, 93, 391, NULL),
(71, NULL, 0, '2019-01-31 06:29:32', NULL, 93, 536, NULL),
(72, 'Autre formation', 40.6, '2018-10-17 00:00:00', 'Frais participation au Tech days du mois d\'octobre', 114, 388, NULL),
(73, 'Frais certificat', 4.5, '2018-10-30 00:00:00', 'Frais certificat', 114, 393, NULL),
(74, 'Divers remboursement par les tiers', 50, '2018-10-30 00:00:00', 'Remboursement des frais de  préfinancement des activités d\'anglais', 114, 400, NULL),
(75, 'Formation en anglais', 20, '2018-10-30 00:00:00', 'Frais de formation en anglais', 114, 387, NULL),
(76, 'Impression et photocopie', 223.2, '2018-10-30 00:00:00', 'Frais photocopie et impression pour le mois d\'Octobre', 114, 390, NULL),
(77, 'Inscription', 15, '2018-10-30 00:00:00', 'Frais d\'incription à la formation en information cession de novembre', 114, 388, NULL),
(78, 'Recyclage cartouche externes', 1, '2018-10-30 00:00:00', 'Frais de recyclage des cartouches externes', 114, 392, NULL),
(80, 'Reliure', 45.8, '2018-10-30 00:00:00', 'Frais de reliure mois d\'octobre', 114, 391, NULL),
(81, 'Report à nouveau', 142, '2018-10-01 00:00:00', 'Report du solde au 01/10/2018', 114, 536, NULL),
(82, 'Scan', 0.9, '2018-10-30 00:00:00', 'Frais de scan', 114, 390, NULL),
(84, NULL, 0, '2019-01-31 07:29:41', NULL, 93, 537, NULL),
(85, 'Frais dépôt TFC', 1250, '2018-10-01 00:00:00', 'Frais dépôt TFC', 95, 152, NULL),
(86, 'Autre formation', 3, '2018-11-01 00:00:00', 'Frais de participation au tech days', 114, 388, NULL),
(87, 'Frais de depot rapport stage', 55, '2018-10-01 00:00:00', 'Frais dépot rapport stage', 95, 154, NULL),
(88, 'Formation en anglais', 380, '2018-11-30 00:00:00', 'Frais de formation en anglais', 114, 387, NULL),
(89, 'Formation anglais niveau 2', 20, '2018-11-30 00:00:00', 'Frais formation d\'anglais niveau 2', 114, 387, NULL),
(90, 'inscription au rôle', 410, '2018-11-02 00:00:00', 'inscription au rôle', 106, 135, NULL),
(91, 'Formation anglais niveau 3', 10, '2018-11-30 00:00:00', 'Frais formation d\'anglais niveau 3', 114, 387, NULL),
(92, 'Attestation de recherche', 22, '2018-11-02 00:00:00', 'attestation de recherche', 106, 139, NULL),
(93, 'Impression et photocopie', 137.1, '2018-11-30 00:00:00', 'Recette de photocopie et impression mois de novembre 2018', 114, 390, NULL),
(94, 'Frais de TFC et Memoires', 875, '2018-11-05 00:00:00', 'dépôt tfc et mémoires', 106, 140, NULL),
(95, 'Inscription', 15, '2018-11-10 00:00:00', 'Frais d\'inscription', 114, 388, NULL),
(96, 'Frais dépôt TFC', 1993.3, '2018-10-01 00:00:00', 'Frais dépôt TFC', 95, 537, NULL),
(97, 'Recommandation de stage', 115, '2018-11-05 00:00:00', 'recommandation', 106, 141, NULL),
(98, 'Reliure', 34.3, '2018-11-30 00:00:00', 'Frais de reliure mois de novembre 2018', 114, 391, NULL),
(99, 'Saisie', 26.5, '2018-11-28 00:00:00', 'Recette de saisie mois de novembre', 114, 390, NULL),
(100, 'Scan', 1.5, '2018-11-20 00:00:00', 'Recette scan mois novembre', 114, 390, NULL),
(101, 'recommandation stage', 20, '2018-12-14 00:00:00', 'recommandation stage', 102, 129, NULL),
(102, 'autres produits', 6, '2018-12-15 00:00:00', 'autres produits', 102, 132, NULL),
(103, 'Formation en bureautique', 50, '2018-11-30 00:00:00', 'Frais de formation en bureautique mois cession de novembre', 114, 387, NULL),
(104, 'Dépôt rapport de stage', 40, '2018-11-06 00:00:00', 'rapport de stage', 106, 142, NULL),
(105, 'Frais TFC et Mémoire', 1100, '2018-10-02 00:00:00', 'Frais TFC et Mémoires', 96, 77, NULL),
(106, 'Autre formation', 5, '2018-12-30 00:00:00', 'Recette autre formation', 114, 388, NULL),
(107, NULL, 0, '2019-01-31 08:12:37', NULL, 93, 538, NULL),
(108, 'Formation anglais 1', 1360, '2018-12-30 00:00:00', 'Frais formation d\'anglais niveau 1', 114, 387, NULL),
(109, 'Frais du carburant offert par la comptabilité', 39, '2018-12-01 00:00:00', 'Carburant offert par la comptabilité', 95, 156, NULL),
(110, 'Anglais 2', 170, '2018-12-30 00:00:00', 'Frais d\'anglais niveau 2', 114, 387, NULL),
(111, 'Aglais 3', 75, '2018-12-30 00:00:00', 'Frais d\'anglais niveau 3', 114, 387, NULL),
(112, 'Transport après conseil facultaire', 70, '2018-12-01 00:00:00', 'Transport après conseil facultaire', 95, 156, NULL),
(113, 'Formation en bureautique', 50, '2018-12-30 00:00:00', 'Formation en bureautique mois de décembre', 114, 387, NULL),
(114, 'Report', 3696.85, '2018-09-01 00:00:00', 'report', 96, 538, NULL),
(115, 'Inscription', 10, '2018-12-30 00:00:00', 'Frais d\'inscription d\'anglais', 114, 387, NULL),
(116, NULL, 0, '2019-01-31 08:26:28', NULL, 93, 539, NULL),
(117, 'Traduction', 20, '2018-12-30 00:00:00', 'Frais traduction', 114, 387, NULL),
(118, NULL, 0, '2019-02-01 06:16:57', NULL, 93, 540, NULL),
(119, NULL, 0, '2019-02-01 06:43:40', NULL, 93, 452, NULL),
(120, NULL, 0, '2019-02-01 06:43:52', NULL, 93, 453, NULL),
(121, NULL, 0, '2019-02-01 06:44:37', NULL, 93, 447, NULL),
(122, 'Report solde septembre 2018', 1300.94, '2018-10-01 00:00:00', 'Report compte 2017-2018', 116, 540, NULL),
(123, 'Certificats d\'aptitude physique', 2085, '2018-10-30 00:00:00', 'certificats d\'aptitude physique', 116, 452, NULL),
(124, 'Autres recettes CHU', 45.93, '2018-10-30 00:00:00', 'Autres recettes CHU', 116, 453, NULL),
(125, NULL, 370, '2018-11-29 00:00:00', 'Soins médicaux ULPGL', 116, 447, NULL),
(126, 'Certificats d\'aptitude physique', 185, '2018-11-29 00:00:00', 'certificats d\'aptitude physique', 116, 452, NULL),
(127, 'Autres recettes CHU', 18.22, '2018-11-29 00:00:00', 'Autres recettes CHU', 116, 453, NULL),
(128, NULL, 0, '2019-02-04 03:55:10', NULL, 93, 363, NULL),
(129, NULL, 0, '2019-02-04 03:55:21', NULL, 93, 364, NULL),
(130, NULL, 0, '2019-02-04 03:55:32', NULL, 93, 365, NULL),
(131, NULL, 0, '2019-02-04 04:15:46', NULL, 93, 541, NULL),
(133, 'inscription', 50, '2018-10-02 00:00:00', 'inscription creche', 110, 363, NULL),
(134, 'garderie', 745.5, '2018-10-01 00:00:00', 'garderie', 110, 364, NULL),
(135, 'Frais de TFC et Memoires', 480, '2018-12-03 00:00:00', 'dépôt tfc et mémoires', 106, 140, NULL),
(136, 'Recommandation de stage', 5, '2018-12-04 00:00:00', 'recommandation', 106, 141, NULL),
(137, 'Dépôt rapport de stage', 5, '2018-12-05 00:00:00', 'rapport de stage', 106, 142, NULL),
(138, 'Autres produits accessoires', 200, '2018-12-06 00:00:00', 'Banque', 106, 144, NULL),
(139, NULL, 0, '2019-02-04 09:08:55', NULL, 93, 378, NULL),
(140, NULL, 0, '2019-02-04 09:09:39', NULL, 93, 542, NULL),
(142, 'ventes restaurant', 2466.21, '2018-10-02 00:00:00', 'ventes restaurant', 111, 378, NULL),
(143, 'cantine', 2260.22, '2018-10-01 00:00:00', 'vente cantine', 111, 379, NULL),
(144, 'inscription', 5, '2018-11-02 00:00:00', 'inscription coupe couture', 108, 354, NULL),
(145, 'minerval', 290, '2018-11-13 00:00:00', 'minerval novembre', 108, 355, NULL),
(146, 'minerval', 325, '2018-12-12 00:00:00', 'minerval décembre', 108, 355, NULL),
(147, 'report 2017-2018', 806.085, '2018-09-01 00:00:00', 'report solde  août', 110, 541, NULL),
(148, 'inscription creche', 35, '2018-09-02 00:00:00', 'inscription creche', 110, 363, NULL),
(149, 'frais garderie', 607.5, '2018-09-13 00:00:00', 'frais garderie', 110, 364, NULL),
(150, 'inscription', 10, '2018-11-12 00:00:00', 'inscription creche', 110, 363, NULL),
(151, 'frais garderie', 652.5, '2018-11-12 00:00:00', 'frais garderie', 110, 364, NULL),
(152, 'frais garderie', 690.5, '2018-12-12 00:00:00', 'frais garderie', 110, 364, NULL),
(153, 'frais de garderie', 70, '2019-01-03 00:00:00', 'Frais de garderie', 110, 364, NULL),
(154, 'report 2017-2018', 83.84, '2018-09-02 00:00:00', 'report solde Août', 111, 542, NULL),
(155, 'ventes restaurant', 1536.25, '2018-09-02 00:00:00', 'ventes restaurant', 111, 378, NULL),
(156, 'ventes cantine', 1563.97, '2018-09-03 00:00:00', 'ventes cantine', 111, 379, NULL),
(157, 'ventes restaurant', 2882.27, '2018-11-02 00:00:00', 'ventes restaurant', 111, 378, NULL),
(158, 'ventes cantine', 2785.42, '2018-11-02 00:00:00', 'ventes cantine', 111, 379, NULL),
(159, 'ventes restaurant', 2071.55, '2018-12-03 00:00:00', 'ventes restaurant', 111, 378, NULL),
(160, 'ventes cantine', 1832.73, '2018-12-03 00:00:00', 'ventes cantine', 111, 379, NULL),
(319, 'Frais acad  FD 2017-2018', 42, '2018-10-01 00:00:00', 'Frais acad  FD 2017-2018', 93, 84, 1),
(320, 'Frais académiques FD', 10, '2018-10-02 00:00:00', 'Frais académiques FD', 93, 84, 3),
(321, 'Frais académiques antérieurs FD', 222, '2018-10-03 00:00:00', 'Frais académiques antérieurs FD', 93, 84, 1),
(322, 'Frais acad FD 17-18a', 200, '2018-10-04 00:00:00', 'Frais acad FD 17-18a', 93, 84, 1),
(323, 'Frais académiques FD', 10, '2018-10-04 00:00:00', 'Frais académiques FD', 93, 84, 3),
(324, 'Frais académiques FD', 5, '2018-10-04 00:00:00', 'Frais académiques FD', 93, 84, 3),
(325, 'Frais acad antérieurs FD', 60, '2018-10-09 00:00:00', 'Frais acad antérieurs FD', 93, 84, 1),
(326, 'Frais adadémiques FD', 9, '2018-10-15 00:00:00', 'Frais adadémiques FD', 93, 84, 1),
(327, 'Frais académiques ', 40, '2018-10-23 00:00:00', 'Frais académiques ', 93, 84, 1),
(328, 'Frais acad  FMED 2017-2018', 95, '2018-10-01 00:00:00', 'Frais acad  FMED 2017-2018', 93, 145, 1),
(329, 'Frais acad  FAMED  17-18', 20, '2018-10-04 00:00:00', 'Frais acad  FAMED  17-18', 93, 145, 1),
(330, 'Frais acad antérieurs FMD', 2, '2018-10-09 00:00:00', 'Frais acad antérieurs FMD', 93, 145, 1),
(331, 'Frais acad antérieurs FMED', 90, '2018-10-12 00:00:00', 'Frais acad antérieurs FMED', 93, 145, 1),
(332, 'Frais académiques Biomed', 68, '2018-10-15 00:00:00', 'Frais académiques Biomed', 93, 145, 1),
(333, 'Frais académiques FPSE', 45, '2018-10-02 00:00:00', 'Frais académiques FPSE', 93, 121, 3),
(334, 'frais acad Antérieurs FPSE', 5, '2018-10-15 00:00:00', 'frais acad Antérieurs FPSE', 93, 121, 1),
(335, 'Frais acad 2017-2018', 85, '2018-10-01 00:00:00', 'Frais acad 2017-2018', 93, 109, 1),
(336, 'Frais académiques antérieurs FSDC', 60, '2018-10-03 00:00:00', 'Frais académiques antérieurs FSDC', 93, 109, 1),
(337, 'Frais acadé antérieurs SDC', 175, '2018-10-04 00:00:00', 'Frais acadé antérieurs SDC', 93, 109, 1),
(338, 'frais académ FSDC', 8, '2018-10-09 00:00:00', 'frais académ FSDC', 93, 109, 1),
(339, 'Frais acadé sdc antérieurs', 370, '2018-10-12 00:00:00', 'Frais acadé sdc antérieurs', 93, 109, 1),
(340, 'Frais académiques 17-18 FSEG', 200, '2018-10-02 00:00:00', 'Frais académiques 17-18 FSEG', 93, 96, 1),
(341, 'Frais acadé antérieurs FSEG', 65, '2018-10-04 00:00:00', 'Frais acadé antérieurs FSEG', 93, 96, 1),
(342, 'Frais acad antérieurs FSEG', 192, '2018-10-09 00:00:00', 'Frais acad antérieurs FSEG', 93, 96, 1),
(343, 'frais académiques 17-19 FSEG', 56, '2018-10-17 00:00:00', 'frais académiques 17-19 FSEG', 93, 96, 1),
(344, 'Frais acad FSEG', 1015, '2018-10-29 00:00:00', 'Frais acad FSEG', 93, 96, 1),
(345, 'Frais acad  FSTA 2017-2018', 240, '2018-10-01 00:00:00', 'Frais acad  FSTA 2017-2018', 93, 133, 1),
(346, 'Frais académ 2017-2018 FSTA', 135, '2018-10-01 00:00:00', 'Frais académ 2017-2018 FSTA', 93, 133, 1),
(347, 'Frais académiques FSTA', 29, '2018-10-01 00:00:00', 'Frais académiques FSTA', 93, 133, 3),
(348, 'Frais académiques 17-18 FSTA', 40, '2018-10-02 00:00:00', 'Frais académiques 17-18 FSTA', 93, 133, 1),
(349, 'Frais académiques antérieurs FSTA', 205, '2018-10-03 00:00:00', 'Frais académiques antérieurs FSTA', 93, 133, 1),
(350, 'Frais acad antérieurs FSTA', 150, '2018-10-03 00:00:00', 'Frais acad antérieurs FSTA', 93, 133, 1),
(351, 'Frais acad  FSTA  17-18', 230, '2018-10-04 00:00:00', 'Frais acad  FSTA  17-18', 93, 133, 1),
(352, 'Frais acadé antérieurs STA', 660, '2018-10-04 00:00:00', 'Frais acadé antérieurs STA', 93, 133, 1),
(353, 'Frais académiques FSTA', 1372, '2018-10-08 00:00:00', 'Frais académiques FSTA', 93, 133, 1),
(354, 'Frais acad antérieurs FSTA', 185, '2018-10-09 00:00:00', 'Frais acad antérieurs FSTA', 93, 133, 1),
(355, 'Frais acad antérieurs ', 570, '2018-10-12 00:00:00', 'Frais acad antérieurs ', 93, 133, 1),
(356, 'Frais académiques antér FSA', 540, '2018-10-12 00:00:00', 'Frais académiques antér FSA', 93, 133, 1),
(357, 'Frais académiques ant FSTA', 565, '2018-10-15 00:00:00', 'Frais académiques ant FSTA', 93, 133, 1),
(358, 'Frais académiques FSTA', 255, '2018-10-16 00:00:00', 'Frais académiques FSTA', 93, 133, 1),
(359, 'Frais académiques 17 8-19 FD', 320, '2018-10-19 00:00:00', 'Frais académiques 17 8-19 FD', 93, 133, 1),
(360, 'Frais académiques fSTA', 585, '2018-10-29 00:00:00', 'Frais académiques fSTA', 93, 133, 1),
(361, 'Frais acad antérieurs FT', 100, '2018-10-09 00:00:00', 'Frais acad antérieurs FT', 93, 70, 1),
(362, 'frais académiques 17-18', 155, '2018-10-10 00:00:00', 'frais académiques 17-18', 93, 70, 1),
(363, 'Frais académiques FD', 50, '2018-10-01 00:00:00', 'Frais académiques FD', 93, 85, 3),
(364, 'Frais académiques 2018-2019', 70, '2018-10-05 00:00:00', 'Frais académiques 2018-2019', 93, 85, 3),
(365, 'Frais acad FD', 745, '2018-10-12 00:00:00', 'Frais acad FD', 93, 85, 1),
(366, 'frais académiques 18 -19 FD', 200, '2018-10-19 00:00:00', 'frais académiques 18 -19 FD', 93, 85, 1),
(367, 'Frais académiques 18-19 FD', 100, '2018-10-19 00:00:00', 'Frais académiques 18-19 FD', 93, 85, 1),
(368, 'pmt  frais académiques FD', 710, '2018-10-22 00:00:00', 'pmt  frais académiques FD', 93, 85, 1),
(369, 'Frais acadé FD', 1155, '2018-10-24 00:00:00', 'Frais acadé FD', 93, 85, 1),
(370, 'Frais académiques FD', 850, '2018-10-25 00:00:00', 'Frais académiques FD', 93, 85, 1),
(371, 'Frais académiques Polisi Neema FD', 200, '2018-10-25 00:00:00', 'Frais académiques Polisi Neema FD correction', 93, 85, 3),
(372, 'Frais académiques FD', 520, '2018-10-26 00:00:00', 'Frais académiques FD', 93, 85, 1),
(373, 'Frais acad FD', 1225, '2018-10-29 00:00:00', 'Frais acad FD', 93, 85, 1),
(374, 'Frais académiques 2018-2019', 600, '2018-10-29 00:00:00', 'Frais académiques 2018-2019', 93, 85, 3),
(375, 'Frais acad FD', 580, '2018-10-30 00:00:00', 'Frais acad FD', 93, 85, 1),
(377, 'Frais académiques 18-19', 80, '2018-10-30 00:00:00', 'Frais académiques 18-19', 93, 85, 1),
(378, 'Frais académiques FD', 772, '2018-10-31 00:00:00', 'Frais académiques FD', 93, 85, 1),
(379, 'Frais académiques 2018-2019', 220, '2018-10-31 00:00:00', 'Frais académiques 2018-2019', 93, 85, 3),
(380, 'Frais académiques 18-19', 210, '2018-10-17 00:00:00', 'Frais académiques 18-19', 93, 146, 1),
(381, 'frais académiques 18 -19 FMED', 100, '2018-10-19 00:00:00', 'frais académiques 18 -19 FMED', 93, 146, 1),
(382, 'Frais académiques 18-19 FSTA', 540, '2018-10-19 00:00:00', 'Frais académiques 18-19 FSTA', 93, 146, 1),
(383, 'pmt frais académ G1 FMED Mirembe', 250, '2018-10-20 00:00:00', 'pmt frais académ G1 FMED Mirembe', 93, 146, 4),
(384, 'Frais académiques FMED', 250, '2018-10-22 00:00:00', 'Frais académiques FMED', 93, 146, 1),
(385, 'Frais acadé Fmed', 770, '2018-10-23 00:00:00', 'Frais acadé Fmed', 93, 146, 1),
(386, 'Frais acadé femd', 50, '2018-10-24 00:00:00', 'Frais acadé femd', 93, 146, 1),
(387, 'Frais académiques FMED', 600, '2018-10-25 00:00:00', 'Frais académiques FMED', 93, 146, 1),
(388, 'Frais académiques Fmed', 830, '2018-10-26 00:00:00', 'Frais académiques Fmed', 93, 146, 1),
(389, 'Frais académiques Fmed', 680, '2018-10-29 00:00:00', 'Frais académiques Fmed', 93, 146, 1),
(390, 'Frais académiques 2018-2019', 400, '2018-10-29 00:00:00', 'Frais académiques 2018-2019', 93, 146, 3),
(391, 'Frais acad Biomed', 230, '2018-10-30 00:00:00', 'Frais acad Biomed', 93, 146, 1),
(392, 'Frais académiques 2018-2019', 1250, '2018-10-31 00:00:00', 'Frais académiques 2018-2019', 93, 146, 3),
(393, 'Frais académiques 2018-2019', 170, '2018-10-31 00:00:00', 'Frais académiques 2018-2019', 93, 146, 3),
(394, 'Frais académiques FPSE', 917, '2018-10-08 00:00:00', 'Frais académiques FPSE', 93, 122, 1),
(395, 'Frais académiques 2018-2019', 85, '2018-10-16 00:00:00', 'Frais académiques 2018-2019', 93, 122, 3),
(396, 'Frais académiques 2018-19', 208, '2018-10-23 00:00:00', 'Frais académiques 2018-19', 93, 122, 1),
(397, 'Frais acad FPSE', 400, '2018-10-26 00:00:00', 'Frais acad FPSE', 93, 122, 1),
(398, 'Frais académiques FPSE', 255, '2018-10-29 00:00:00', 'Frais académiques FPSE', 93, 122, 1),
(399, 'Frais acad FPSE', 520, '2018-10-30 00:00:00', 'Frais acad FPSE', 93, 122, 1),
(400, 'Frais académiques 2018-2019', 100, '2018-10-31 00:00:00', 'Frais académiques 2018-2019', 93, 122, 3),
(401, 'Frais académiques FSDC', 90, '2018-10-01 00:00:00', 'Frais académiques FSDC', 93, 110, 3),
(402, 'Frais académiques 2018-2019', 35, '2018-10-16 00:00:00', 'Frais académiques 2018-2019', 93, 110, 3),
(403, 'Frais académiques 2018-19', 190, '2018-10-23 00:00:00', 'Frais académiques 2018-19', 93, 110, 1),
(404, 'Frais académiques FSDC', 200, '2018-10-25 00:00:00', 'Frais académiques FSDC', 93, 110, 1),
(405, 'Frais académiques Fsdc', 200, '2018-10-26 00:00:00', 'Frais académiques Fsdc', 93, 110, 1),
(406, 'Frais académiques FSDC', 50, '2018-10-29 00:00:00', 'Frais académiques FSDC', 93, 110, 1),
(407, 'Frais acad FDSC', 624, '2018-10-30 00:00:00', 'Frais acad FDSC', 93, 110, 1),
(408, 'Frais académiques 2018-2019 FDSC', 200, '2018-10-31 00:00:00', 'Frais académiques 2018-2019 FDSC', 93, 110, 1),
(409, 'Frais académiques SDC', 100, '2018-10-31 00:00:00', 'Frais académiques SDC', 93, 110, 1),
(410, 'Frais académiques 2018-2019', 200, '2018-10-31 00:00:00', 'Frais académiques 2018-2019', 93, 110, 3),
(411, 'Frais académiques 2018-2019', 130, '2018-10-05 00:00:00', 'Frais académiques 2018-2019', 93, 97, 3),
(412, 'Frais académiques 2018-2019', 90, '2018-10-16 00:00:00', 'Frais académiques 2018-2019', 93, 97, 3),
(413, 'Frais académiques FSEG', 100, '2018-10-22 00:00:00', 'Frais académiques FSEG', 93, 97, 1),
(414, 'Frais académiques 18-19', 15, '2018-10-22 00:00:00', 'Frais académiques 18-19', 93, 97, 3),
(415, 'Frais académiques 2018-19', 206, '2018-10-23 00:00:00', 'Frais académiques 2018-19', 93, 97, 1),
(416, 'Frais académiques FSEG', 645, '2018-10-25 00:00:00', 'Frais académiques FSEG', 93, 97, 1),
(417, 'Frais académiques 2018-2019', 645, '2018-10-29 00:00:00', 'Frais académiques 2018-2019', 93, 97, 3),
(418, 'Frais acad FSEG', 810, '2018-10-30 00:00:00', 'Frais acad FSEG', 93, 97, 1),
(419, 'Frais académiques FSEG', 694, '2018-10-31 00:00:00', 'Frais académiques FSEG', 93, 97, 1),
(420, 'Frais académiques FSEG', 1000, '2018-10-31 00:00:00', 'Frais académiques FSEG', 93, 97, 1),
(421, 'Frais académiques FSEG', 100, '2018-10-31 00:00:00', 'Frais académiques FSEG', 93, 97, 1),
(422, 'Frais académiques 2018-2019', 330, '2018-10-05 00:00:00', 'Frais académiques 2018-2019', 93, 134, 3),
(423, 'Frais académi FSTA', 120, '2018-10-12 00:00:00', 'Frais académi FSTA', 93, 134, 1),
(424, 'Frais académiques FSTA', 50, '2018-10-15 00:00:00', 'Frais académiques FSTA', 93, 134, 3),
(425, 'Frais académiques FSTA', 500, '2018-10-16 00:00:00', 'Frais académiques FSTA', 93, 134, 1),
(426, 'Frais académiques 2018-2019', 685, '2018-10-16 00:00:00', 'Frais académiques 2018-2019', 93, 134, 3),
(427, 'Frais académiques 18-19', 490, '2018-10-17 00:00:00', 'Frais académiques 18-19', 93, 134, 1),
(428, 'Frais académiques 17 8-19 FD', 240, '2018-10-19 00:00:00', 'Frais académiques 17 8-19 FD', 93, 134, 1),
(430, 'pmt  frais académiques FSTA', 775, '2018-10-22 00:00:00', 'pmt  frais académiques FSTA', 93, 134, 1),
(431, 'Frais académiques 18-19', 140, '2018-10-22 00:00:00', 'Frais académiques 18-19', 93, 134, 3),
(432, 'Frais acadé FSTA', 795, '2018-10-23 00:00:00', 'Frais acadé FSTA', 93, 134, 1),
(433, 'Frais académiques 2018-2019', 550, '2018-10-23 00:00:00', 'Frais académiques 2018-2019', 93, 134, 3),
(434, 'Frais académiques FFSTA', 200, '2018-10-25 00:00:00', 'Frais académiques FFSTA', 93, 134, 1),
(435, 'Frais académiques FSTA', 400, '2018-10-26 00:00:00', 'Frais académiques FSTA', 93, 134, 1),
(436, 'Frais acad FSTA', 335, '2018-10-30 00:00:00', 'Frais acad FSTA', 93, 134, 1),
(437, 'Frais académiques FSA', 440, '2018-10-31 00:00:00', 'Frais académiques FSA', 93, 134, 1),
(438, 'Frais académiques 2018-2019', 105, '2018-10-31 00:00:00', 'Frais académiques 2018-2019', 93, 134, 3),
(439, 'Frais académiques 18-19', 260, '2018-10-17 00:00:00', 'Frais académiques 18-19', 93, 71, 1),
(440, 'Frais académiques FT', 232, '2018-10-26 00:00:00', 'Frais académiques FT', 93, 71, 1),
(441, 'Inscription en G1 FD', 40, '2018-10-01 00:00:00', 'Inscription en G1 FD', 93, 88, 1),
(442, 'Frais d\'inscription FD', 60, '2018-10-01 00:00:00', 'Frais d\'inscription FD', 93, 88, 1),
(443, 'Frais d\'inscription FD', 40, '2018-10-02 00:00:00', 'Frais d\'inscription FD', 93, 88, 1),
(444, 'Frais d\'inscription FD', 180, '2018-10-03 00:00:00', 'Frais d\'inscription FD', 93, 88, 1),
(445, 'Frais d\'inscription FD', 100, '2018-10-04 00:00:00', 'Frais d\'inscription FD', 93, 88, 1),
(446, 'frais d\'inscription FD', 40, '2018-10-05 00:00:00', 'frais d\'inscription FD', 93, 88, 1),
(447, 'Frais d\'inscrption F Droit ', 100, '2018-10-08 00:00:00', 'Frais d\'inscrption F Droit ', 93, 88, 1),
(448, 'Frais d\'inscription FD', 100, '2018-10-09 00:00:00', 'Frais d\'inscription FD', 93, 88, 1),
(449, 'Frais d\'inscription FD', 40, '2018-10-10 00:00:00', 'Frais d\'inscription FD', 93, 88, 1),
(450, 'Inscription FD', 40, '2018-10-12 00:00:00', 'Inscription FD', 93, 88, 1),
(451, 'Frais d\'inscription FD', 180, '2018-10-12 00:00:00', 'Frais d\'inscription FD', 93, 88, 1),
(452, 'Frais inscription FD', 80, '2018-10-15 00:00:00', 'Frais inscription FD', 93, 88, 1),
(453, 'Frais d\'inscription FD', 80, '2018-10-16 00:00:00', 'Frais d\'inscription FD', 93, 88, 1),
(454, 'Frais d\'inscription FD', 40, '2018-10-17 00:00:00', 'Frais d\'inscription FD', 93, 88, 1),
(455, 'Frais d\'inscription FD', 30, '2018-10-18 00:00:00', 'Frais d\'inscription FD', 93, 88, 1),
(456, 'Frais d\'inscription FD', 20, '2018-10-19 00:00:00', 'Frais d\'inscription FD', 93, 88, 1),
(457, 'Frais d\'inscription Fd', 60, '2018-10-19 00:00:00', 'Frais d\'inscription Fd', 93, 88, 1),
(458, 'Fraid \'inscription FD', 60, '2018-10-22 00:00:00', 'Fraid \'inscription FD', 93, 88, 1),
(459, 'Frais d\'inscription FD', 60, '2018-10-23 00:00:00', 'Frais d\'inscription FD', 93, 88, 1),
(460, 'Frais Inscription  FD', 60, '2018-10-24 00:00:00', 'Frais Inscription  FD', 93, 88, 1),
(461, 'Frais Inscription  FD', 100, '2018-10-25 00:00:00', 'Frais Inscription  FD', 93, 88, 1),
(462, 'Frais d\'inscription FD', 40, '2018-10-26 00:00:00', 'Frais d\'inscription FD', 93, 88, 1),
(463, 'Frais d\'iscription FPD', 60, '2018-10-30 00:00:00', 'Frais d\'iscription FPD', 93, 88, 1),
(464, 'Frais d\'inscription 18-19', 20, '2018-10-31 00:00:00', 'Frais d\'inscription 18-19', 93, 88, 1),
(465, 'Frais d\'inscription Biomed', 200, '2018-10-01 00:00:00', 'Frais d\'inscription Biomed', 93, 149, 1),
(466, 'Frais d\'inscription Fac médecine', 100, '2018-10-02 00:00:00', 'Frais d\'inscription Fac médecine', 93, 149, 1),
(467, 'Frais d\'inscription FMED', 200, '2018-10-03 00:00:00', 'Frais d\'inscription FMED', 93, 149, 1),
(468, 'frais d\'inscription Medecine', 100, '2018-10-04 00:00:00', 'frais d\'inscription Medecine', 93, 149, 1),
(469, 'Frais d\'inscription Fmed', 150, '2018-10-08 00:00:00', 'Frais d\'inscription Fmed', 93, 149, 1),
(470, 'Frais d\'inscription FMED', 100, '2018-10-09 00:00:00', 'Frais d\'inscription FMED', 93, 149, 1),
(471, 'Frais d\'inscription FMED', 150, '2018-10-10 00:00:00', 'Frais d\'inscription FMED', 93, 149, 1),
(472, 'Inscription FMED', 100, '2018-10-12 00:00:00', 'Inscription FMED', 93, 149, 1),
(473, 'Frais d\'inscription Medecine', 300, '2018-10-12 00:00:00', 'Frais d\'inscription Medecine', 93, 149, 1),
(474, 'Frais d\'inscription Biomed', 250, '2018-10-15 00:00:00', 'Frais d\'inscription Biomed', 93, 149, 1),
(475, 'Frais d\'inscription FMED', 300, '2018-10-16 00:00:00', 'Frais d\'inscription FMED', 93, 149, 1),
(476, 'Frais d\'inscription FMED', 150, '2018-10-17 00:00:00', 'Frais d\'inscription FMED', 93, 149, 1),
(477, 'Frais d\'inscription FMED', 150, '2018-10-19 00:00:00', 'Frais d\'inscription FMED', 93, 149, 1),
(478, 'Fraid \'inscription FMED', 150, '2018-10-22 00:00:00', 'Fraid \'inscription FMED', 93, 149, 1),
(479, 'Inscription en medecine', 50, '2018-10-24 00:00:00', 'Inscription en medecine', 93, 149, 1),
(480, 'Frais d\'inscription FMED', 50, '2018-10-31 00:00:00', 'Frais d\'inscription FMED', 93, 149, 1),
(481, 'Frais d\'inscription FPSE', 20, '2018-10-04 00:00:00', 'Frais d\'inscription FPSE', 93, 125, 1),
(482, 'frais d\'inscription FpSE', 20, '2018-10-05 00:00:00', 'frais d\'inscription FpSE', 93, 125, 1),
(483, 'Frais d\'inscription FPSE', 40, '2018-10-08 00:00:00', 'Frais d\'inscription FPSE', 93, 125, 1),
(484, 'Frais d\'inscription FPSE', 60, '2018-10-09 00:00:00', 'Frais d\'inscription FPSE', 93, 125, 1),
(485, 'Frais d\'inscription FPSE', 40, '2018-10-10 00:00:00', 'Frais d\'inscription FPSE', 93, 125, 1),
(486, 'Inscription FPSE', 20, '2018-10-12 00:00:00', 'Inscription FPSE', 93, 125, 1),
(487, 'Frais d\'inscription FPSE', 40, '2018-10-12 00:00:00', 'Frais d\'inscription FPSE', 93, 125, 1),
(488, 'Frais d\'inscription FPSE', 60, '2018-10-15 00:00:00', 'Frais d\'inscription FPSE', 93, 125, 1),
(489, 'Frais d\'inscription FPSE', 40, '2018-10-17 00:00:00', 'Frais d\'inscription FPSE', 93, 125, 1),
(490, 'Frais d\'inscription FPSE', 20, '2018-10-18 00:00:00', 'Frais d\'inscription FPSE', 93, 125, 1),
(491, 'Frais d\'inscription FPSE', 20, '2018-10-19 00:00:00', 'Frais d\'inscription FPSE', 93, 125, 1),
(492, 'Fraid \'inscription FPSE', 20, '2018-10-22 00:00:00', 'Fraid \'inscription FPSE', 93, 125, 1),
(493, 'Frais Inscription  FPSE', 20, '2018-10-25 00:00:00', 'Frais Inscription  FPSE', 93, 125, 1),
(494, 'Frais d\'iscription FPSE', 40, '2018-10-30 00:00:00', 'Frais d\'iscription FPSE', 93, 125, 1),
(495, 'Inscription en G1 SDC', 20, '2018-10-01 00:00:00', 'Inscription en G1 SDC', 93, 113, 1),
(496, 'Frais d\'inscription SDC', 20, '2018-10-02 00:00:00', 'Frais d\'inscription SDC', 93, 113, 1),
(497, 'Frais d\'inscription Fsdc', 40, '2018-10-03 00:00:00', 'Frais d\'inscription Fsdc', 93, 113, 1),
(498, 'Frais d\'inscription SDC', 40, '2018-10-04 00:00:00', 'Frais d\'inscription SDC', 93, 113, 1),
(499, 'frais d\'inscription FSDC', 20, '2018-10-05 00:00:00', 'frais d\'inscription FSDC', 93, 113, 1),
(500, 'Frais d\'inscription FDSC', 40, '2018-10-08 00:00:00', 'Frais d\'inscription FDSC', 93, 113, 1),
(501, 'Frais d\'inscription FSDC', 160, '2018-10-09 00:00:00', 'Frais d\'inscription FSDC', 93, 113, 1),
(502, 'Frais d\'inscription FDSC', 20, '2018-10-10 00:00:00', 'Frais d\'inscription FDSC', 93, 113, 1),
(503, 'Inscription FSDC', 40, '2018-10-12 00:00:00', 'Inscription FSDC', 93, 113, 1),
(504, 'Inscription en SDC', 80, '2018-10-12 00:00:00', 'Inscription en SDC', 93, 113, 1),
(505, 'Frais inscription FSDC', 40, '2018-10-15 00:00:00', 'Frais inscription FSDC', 93, 113, 1),
(506, 'Frais d\'inscription FSDC', 80, '2018-10-16 00:00:00', 'Frais d\'inscription FSDC', 93, 113, 1),
(507, 'Frais d\'inscription FSDC', 80, '2018-10-17 00:00:00', 'Frais d\'inscription FSDC', 93, 113, 1),
(508, 'Frais d\'inscription FSDC', 60, '2018-10-19 00:00:00', 'Frais d\'inscription FSDC', 93, 113, 1),
(509, 'Fraid \'inscription FSDC', 20, '2018-10-22 00:00:00', 'Fraid \'inscription FSDC', 93, 113, 1),
(510, 'Frais d\'inscription FSDC', 20, '2018-10-23 00:00:00', 'Frais d\'inscription FSDC', 93, 113, 1),
(511, 'Inscription en SDC', 20, '2018-10-24 00:00:00', 'Inscription en SDC', 93, 113, 1),
(512, 'Frais d\'inscription', 20, '2018-10-29 00:00:00', 'Frais d\'inscription', 93, 113, 1),
(513, 'Frais d\'inscription 18-19', 20, '2018-10-31 00:00:00', 'Frais d\'inscription 18-19', 93, 113, 1),
(514, 'Frais d\'inscription SDC', 100, '2018-10-31 00:00:00', 'Frais d\'inscription SDC', 93, 113, 1),
(515, 'Inscription en G1 FSEG', 80, '2018-10-01 00:00:00', 'Inscription en G1 FSEG', 93, 100, 1),
(516, 'Frais d\'inscription FSEG', 60, '2018-10-01 00:00:00', 'Frais d\'inscription FSEG', 93, 100, 1),
(517, 'Frais d\'inscription FSEG', 40, '2018-10-02 00:00:00', 'Frais d\'inscription FSEG', 93, 100, 1),
(518, 'Frais d\'inscription FSEG', 60, '2018-10-03 00:00:00', 'Frais d\'inscription FSEG', 93, 100, 1),
(519, 'Frais d\'inscription FSEG', 200, '2018-10-04 00:00:00', 'Frais d\'inscription FSEG', 93, 100, 1),
(520, 'Frais d\'inscrption FSEG', 160, '2018-10-08 00:00:00', 'Frais d\'inscrption FSEG', 93, 100, 1),
(521, 'Frais d\'inscription FSEG', 60, '2018-10-09 00:00:00', 'Frais d\'inscription FSEG', 93, 100, 1),
(522, 'Frais d\'inscription Fseg', 60, '2018-10-10 00:00:00', 'Frais d\'inscription Fseg', 93, 100, 1),
(523, 'Inscription FSEG', 120, '2018-10-12 00:00:00', 'Inscription FSEG', 93, 100, 1),
(524, 'Frais d\'inscription en FSEG', 200, '2018-10-12 00:00:00', 'Frais d\'inscription en FSEG', 93, 100, 1),
(525, 'Frais inscription FSEG', 120, '2018-10-15 00:00:00', 'Frais inscription FSEG', 93, 100, 1),
(526, 'Frais d\'inscription FSEG', 140, '2018-10-17 00:00:00', 'Frais d\'inscription FSEG', 93, 100, 1),
(527, 'Frais d\'inscription FSEG', 20, '2018-10-19 00:00:00', 'Frais d\'inscription FSEG', 93, 100, 1),
(528, 'Frais d\'inscription FSEG', 60, '2018-10-19 00:00:00', 'Frais d\'inscription FSEG', 93, 100, 1),
(529, 'Frais d\'inscription FSEG', 180, '2018-10-19 00:00:00', 'Frais d\'inscription FSEG', 93, 100, 1),
(530, 'Fraid \'inscription FSEG', 20, '2018-10-22 00:00:00', 'Fraid \'inscription FSEG', 93, 100, 1),
(531, 'Frais d\'inscription FSTA', 20, '2018-10-23 00:00:00', 'Frais d\'inscription FSTA', 93, 100, 1),
(532, 'Frais d\'inscription FSEG', 40, '2018-10-23 00:00:00', 'Frais d\'inscription FSEG', 93, 100, 1),
(533, ' Inscription en FSEG', 40, '2018-10-24 00:00:00', ' Inscription en FSEG', 93, 100, 1),
(534, 'Frais Inscription  FSEG', 60, '2018-10-25 00:00:00', 'Frais Inscription  FSEG', 93, 100, 1),
(535, 'Frais d\'inscription FSEG', 20, '2018-10-26 00:00:00', 'Frais d\'inscription FSEG', 93, 100, 1),
(536, 'Frais d\'inscription', 20, '2018-10-29 00:00:00', 'Frais d\'inscription', 93, 100, 1),
(537, 'Inscription en G1 FSTA', 100, '2018-10-01 00:00:00', 'Inscription en G1 FSTA', 93, 137, 1),
(538, 'Frais d\'inscription FSTA', 100, '2018-10-01 00:00:00', 'Frais d\'inscription FSTA', 93, 137, 1),
(539, 'Frais d\'inscription FSTA', 80, '2018-10-02 00:00:00', 'Frais d\'inscription FSTA', 93, 137, 1),
(540, 'Frais d\'inscription FSTA', 120, '2018-10-03 00:00:00', 'Frais d\'inscription FSTA', 93, 137, 1),
(541, 'Frais d\'inscription FSTA', 140, '2018-10-04 00:00:00', 'Frais d\'inscription FSTA', 93, 137, 1),
(542, 'frais d\'inscription FSTA', 120, '2018-10-04 00:00:00', 'frais d\'inscription FSTA', 93, 137, 1),
(543, 'Frais d\'inscrption G0 FTSA', 200, '2018-10-08 00:00:00', 'Frais d\'inscrption G0 FTSA', 93, 137, 1),
(544, 'Frais d\'inscription FSTA', 120, '2018-10-09 00:00:00', 'Frais d\'inscription FSTA', 93, 137, 1),
(545, 'Frais d\'inscription FSTA', 140, '2018-10-10 00:00:00', 'Frais d\'inscription FSTA', 93, 137, 1),
(546, 'Inscription FSTA', 200, '2018-10-12 00:00:00', 'Inscription FSTA', 93, 137, 1),
(547, 'Frais d\'inscription FSTA', 180, '2018-10-15 00:00:00', 'Frais d\'inscription FSTA', 93, 137, 1),
(548, 'Frais d\'inscription FSTA', 120, '2018-10-16 00:00:00', 'Frais d\'inscription FSTA', 93, 137, 1),
(549, 'Frais d\'inscription FSEG', 140, '2018-10-16 00:00:00', 'Frais d\'inscription FSEG', 93, 137, 1),
(550, 'Frais d\'inscription FSTA', 120, '2018-10-17 00:00:00', 'Frais d\'inscription FSTA', 93, 137, 1),
(551, 'Frais d\'inscription FSTA', 80, '2018-10-19 00:00:00', 'Frais d\'inscription FSTA', 93, 137, 1),
(552, 'Fraid \'inscription FSTA', 160, '2018-10-22 00:00:00', 'Fraid \'inscription FSTA', 93, 137, 1),
(553, 'Inscription en STA', 60, '2018-10-24 00:00:00', 'Inscription en STA', 93, 137, 1),
(554, 'Frais Inscription  FSTA', 40, '2018-10-25 00:00:00', 'Frais Inscription  FSTA', 93, 137, 1),
(555, 'Frais d\'inscription FSTA', 40, '2018-10-26 00:00:00', 'Frais d\'inscription FSTA', 93, 137, 1),
(556, 'Frais d\'inscr FSTA', 60, '2018-10-29 00:00:00', 'Frais d\'inscr FSTA', 93, 137, 1),
(557, 'Frais d\'inscription FSTA', 80, '2018-10-30 00:00:00', 'Frais d\'inscription FSTA', 93, 137, 1),
(558, 'Frais d\'inscription 18-19', 20, '2018-10-31 00:00:00', 'Frais d\'inscription 18-19', 93, 137, 1),
(559, 'Frais d\'inscription FT', 20, '2018-10-02 00:00:00', 'Frais d\'inscription FT', 93, 74, 1),
(560, 'frais d\'inscription FT', 20, '2018-10-05 00:00:00', 'frais d\'inscription FT', 93, 74, 1),
(561, 'Frais d\'inscription FT', 20, '2018-10-09 00:00:00', 'Frais d\'inscription FT', 93, 74, 1),
(562, 'Inscription FT', 20, '2018-10-12 00:00:00', 'Inscription FT', 93, 74, 1),
(563, 'Frais d\'inscription en FT', 80, '2018-10-12 00:00:00', 'Frais d\'inscription en FT', 93, 74, 1),
(564, 'Frais inscription FT', 80, '2018-10-15 00:00:00', 'Frais inscription FT', 93, 74, 1),
(565, 'Frais d\'inscription FT', 20, '2018-10-16 00:00:00', 'Frais d\'inscription FT', 93, 74, 1),
(566, 'Frais d\'inscription FT', 40, '2018-10-17 00:00:00', 'Frais d\'inscription FT', 93, 74, 1),
(567, 'Frais d\'inscription', 20, '2018-10-29 00:00:00', 'Frais d\'inscription', 93, 74, 1),
(568, 'Frais d\'iscription FT', 20, '2018-10-30 00:00:00', 'Frais d\'iscription FT', 93, 74, 1),
(569, 'Inscription spéciale FD', 140, '2018-10-09 00:00:00', 'Inscription spéciale FD', 93, 89, 1),
(570, 'Frais d\'inscription spéciale', 70, '2018-10-17 00:00:00', 'Frais d\'inscription spéciale', 93, 89, 1),
(571, 'Inscription spéciale FD', 350, '2018-10-29 00:00:00', 'Inscription spéciale FD', 93, 89, 1),
(572, 'Inscription spéciale ', 140, '2018-10-04 00:00:00', 'Inscription spéciale ', 93, 114, 1),
(575, 'Frais Inscript spéciale FSEG', 70, '2018-10-01 00:00:00', 'Frais Inscript spéciale FSEG', 93, 101, 1),
(576, 'Frais inscription spéciale FSEG', 170, '2018-10-02 00:00:00', 'Frais inscription spéciale FSEG', 93, 101, 1),
(577, 'Inscription spéciale FSEG', 140, '2018-10-04 00:00:00', 'Inscription spéciale FSEG', 93, 101, 1),
(579, 'Frais d\'inscription spéciale L FSEG', 70, '2018-10-17 00:00:00', 'Frais d\'inscription spéciale L FSEG', 93, 101, 1),
(580, 'Frais d\'inscription FSEG', 70, '2018-10-19 00:00:00', 'Frais d\'inscription FSEG', 93, 101, 1),
(581, 'Inscription spéciale FSEG', 350, '2018-10-22 00:00:00', 'Inscription spéciale FSEG', 93, 101, 1),
(582, 'Frais d\'inscription spéciale FSEG', 420, '2018-10-23 00:00:00', 'Frais d\'inscription spéciale FSEG', 93, 101, 1),
(583, 'Frais inscription spéciale FSEG', 70, '2018-10-25 00:00:00', 'Frais inscription spéciale FSEG', 93, 101, 1),
(584, 'Frais d\'inscription spéciale FSA', 210, '2018-10-10 00:00:00', 'Frais d\'inscription spéciale FSA', 93, 138, 1),
(585, 'Inscription spéciale Safari', 70, '2018-10-31 00:00:00', 'Inscription spéciale Safari', 93, 138, 1),
(586, 'Inscription spéciale FT', 140, '2018-10-08 00:00:00', 'Inscription spéciale FT', 93, 75, 1),
(587, 'Inscription spéciale FT', 70, '2018-10-12 00:00:00', 'Inscription spéciale FT', 93, 75, 1),
(588, 'Inscription spéciale Ft', 70, '2018-10-24 00:00:00', 'Inscription spéciale Ft', 93, 75, 1),
(589, 'Inscription spéciale FT', 70, '2018-10-30 00:00:00', 'Inscription spéciale FT', 93, 75, 1),
(590, 'Equipement Internet 17-18', 25, '2018-10-01 00:00:00', 'Equipement Internet 17-18', 93, 143, 1),
(591, 'Frais acadé antérieurs', 100, '2018-11-02 00:00:00', 'Frais acadé antérieurs', 93, 121, 1),
(592, 'Frais académiques FPSE', 65, '2018-11-22 00:00:00', 'Frais académiques FPSE', 93, 121, 1),
(593, 'Frais académiques FPSE', 40, '2018-11-22 00:00:00', 'Frais académiques FPSE', 93, 121, 1),
(594, 'Frais académiques FPSE', 142, '2018-11-23 00:00:00', 'Frais académiques FPSE', 93, 121, 1),
(595, 'Frais académiques FSDC', 100, '2018-11-14 00:00:00', 'Frais académiques FSDC', 93, 109, 1),
(596, 'Frais académques antérieurs sdc', 10, '2018-11-20 00:00:00', 'Frais académques antérieurs sdc', 93, 109, 1),
(597, 'Frais acadé antérieurs', 10, '2018-11-02 00:00:00', 'Frais acadé antérieurs', 93, 96, 1),
(598, 'Frais académiques antérieurs', 92, '2018-11-05 00:00:00', 'Frais académiques antérieurs', 93, 133, 1),
(599, 'Frais académiques FSTA 17-18', 95, '2018-11-20 00:00:00', 'Frais académiques FSTA 17-18', 93, 133, 1),
(600, 'Frais académiques fsta ', 30, '2018-11-20 00:00:00', 'Frais académiques fsta ', 93, 133, 1),
(601, 'Frais académiques FD', 410, '2018-11-01 00:00:00', 'Frais académiques FD', 93, 85, 1),
(602, 'Frais académiques 2018-2019', 750, '2018-11-01 00:00:00', 'Frais académiques 2018-2019', 93, 85, 3),
(603, 'Frais acad FD', 500, '2018-11-02 00:00:00', 'Frais acad FD', 93, 85, 1),
(604, 'Frais académiques FD', 1010, '2018-11-05 00:00:00', 'Frais académiques FD', 93, 85, 1),
(605, 'Frais acad  FD', 700, '2018-11-05 00:00:00', 'Frais acad  FD', 93, 85, 1),
(606, 'Frais acad  FD', 605, '2018-11-05 00:00:00', 'Frais acad  FD', 93, 85, 1),
(607, 'Frais académique FD', 100, '2018-11-05 00:00:00', 'Frais académique FD', 93, 85, 1),
(608, 'Frais académiques 2018-2019', 610, '2018-11-05 00:00:00', 'Frais académiques 2018-2019', 93, 85, 3),
(609, 'Frais académiques 2018-2019', 150, '2018-11-05 00:00:00', 'Frais académiques 2018-2019', 93, 85, 3),
(610, 'Frais académiques FD', 200, '2018-11-06 00:00:00', 'Frais académiques FD', 93, 85, 1),
(611, 'Frais académiques 2018-2019', 240, '2018-11-06 00:00:00', 'Frais académiques 2018-2019', 93, 85, 3),
(612, 'Frais académiques 2018-2019', 1610, '2018-11-06 00:00:00', 'Frais académiques 2018-2019', 93, 85, 3),
(613, 'Frais académiques FD', 970, '2018-11-07 00:00:00', 'Frais académiques FD', 93, 85, 1),
(614, 'Frais académiques FSTA', 1230, '2018-11-07 00:00:00', 'Frais académiques FSTA', 93, 85, 1),
(615, 'Frais académiques 2018-2019', 340, '2018-11-07 00:00:00', 'Frais académiques 2018-2019', 93, 85, 3),
(616, 'Frais académiques FD', 1200, '2018-11-08 00:00:00', 'Frais académiques FD', 93, 85, 1),
(617, 'Frais acad FD', 1335, '2018-11-08 00:00:00', 'Frais acad FD', 93, 85, 1),
(618, 'pmt frais académ Kam Baseghere G1 D', 100, '2018-11-08 00:00:00', 'pmt frais académ Kam Baseghere G1 D', 93, 85, 4),
(619, 'Frais académiques 2018-2019', 700, '2018-11-08 00:00:00', 'Frais académiques 2018-2019', 93, 85, 3),
(620, 'Frais académique FD', 500, '2018-11-09 00:00:00', 'Frais académique FD', 93, 85, 1),
(621, 'pmt frais académ Ngayiremawa G2 FD', 160, '2018-11-10 00:00:00', 'pmt frais académ Ngayiremawa G2 FD', 93, 85, 4),
(622, 'Frais académiques 2018-19', 1150, '2018-11-12 00:00:00', 'Frais académiques 2018-19', 93, 85, 1),
(623, 'Frais académiques 2018-2019', 200, '2018-11-12 00:00:00', 'Frais académiques 2018-2019', 93, 85, 3),
(624, 'Frais académiques 2018-2019', 200, '2018-11-12 00:00:00', 'Frais académiques 2018-2019', 93, 85, 3),
(625, 'Frais académiques FD', 1046, '2018-11-13 00:00:00', 'Frais académiques FD', 93, 85, 1),
(626, 'Frais académiques 2018-2019', 690, '2018-11-13 00:00:00', 'Frais académiques 2018-2019', 93, 85, 3),
(627, 'Frais académiques FD', 800, '2018-11-14 00:00:00', 'Frais académiques FD', 93, 85, 1),
(628, 'Frais académiques FD', 1030, '2018-11-14 00:00:00', 'Frais académiques FD', 93, 85, 1),
(629, 'Frais académiques FD', 1005, '2018-11-15 00:00:00', 'Frais académiques FD', 93, 85, 1),
(630, 'Frais académiques 2018-2019', 420, '2018-11-15 00:00:00', 'Frais académiques 2018-2019', 93, 85, 3),
(631, 'Frais académiques FD', 650, '2018-11-16 00:00:00', 'Frais académiques FD', 93, 85, 1),
(632, 'Frais académiques FD', 1380, '2018-11-16 00:00:00', 'Frais académiques FD', 93, 85, 1),
(633, 'Frais académiques FD', 150, '2018-11-16 00:00:00', 'Frais académiques FD', 93, 85, 1),
(634, 'Frais académiques 2018-2019', 450, '2018-11-16 00:00:00', 'Frais académiques 2018-2019', 93, 85, 3),
(635, 'Frais académiques 2018-2019', 670, '2018-11-17 00:00:00', 'Frais académiques 2018-2019', 93, 85, 3),
(636, 'Frais académiques 18-19 FD', 830, '2018-11-19 00:00:00', 'Frais académiques 18-19 FD', 93, 85, 1),
(637, 'Frais académiques FD', 250, '2018-11-19 00:00:00', 'Frais académiques FD', 93, 85, 1),
(638, 'Frais académiques 2018-2019', 3276, '2018-11-19 00:00:00', 'Frais académiques 2018-2019', 93, 85, 3),
(639, 'Frais académiques FD', 1665, '2018-11-20 00:00:00', 'Frais académiques FD', 93, 85, 1),
(640, 'Frais acad FD', 200, '2018-11-20 00:00:00', 'Frais acad FD', 93, 85, 1),
(641, 'Frais académiques 2018-2019', 1380, '2018-11-20 00:00:00', 'Frais académiques 2018-2019', 93, 85, 3),
(642, 'Frais académiques 2018-2019', 100, '2018-11-20 00:00:00', 'Frais académiques 2018-2019', 93, 85, 3),
(643, 'Frais académiques 2018-2019 Pro cre', 60, '2018-11-20 00:00:00', 'Frais académiques 2018-2019 Pro cre', 93, 85, 3),
(644, 'Frais académiques 2018-19', 450, '2018-11-21 00:00:00', 'Frais académiques 2018-19', 93, 85, 1),
(645, 'Frais académiques 2018-19', 780, '2018-11-21 00:00:00', 'Frais académiques 2018-19', 93, 85, 1),
(646, 'Frais académiques 2018-2019', 1465, '2018-11-21 00:00:00', 'Frais académiques 2018-2019', 93, 85, 3),
(647, 'Frais académiques FD', 1710, '2018-11-22 00:00:00', 'Frais académiques FD', 93, 85, 1),
(648, 'Frais académiques FD', 100, '2018-11-22 00:00:00', 'Frais académiques FD', 93, 85, 1),
(649, 'Frais académiques FD', 510, '2018-11-22 00:00:00', 'Frais académiques FD', 93, 85, 1),
(650, 'Frais académiques FD', 250, '2018-11-22 00:00:00', 'Frais académiques FD', 93, 85, 1),
(651, 'Frais académiques 2018-2019 Pro cre', 200, '2018-11-22 00:00:00', 'Frais académiques 2018-2019 Pro cre', 93, 85, 3),
(652, 'Frais académiques FD', 360, '2018-11-23 00:00:00', 'Frais académiques FD', 93, 85, 1),
(653, 'Frais académiques 2018-2019 Pro cre', 400, '2018-11-23 00:00:00', 'Frais académiques 2018-2019 Pro cre', 93, 85, 3),
(654, 'Frais académiques 2018-2019 Pro cre', 450, '2018-11-23 00:00:00', 'Frais académiques 2018-2019 Pro cre', 93, 85, 3),
(655, 'Frais académiques 2018-2019 Pro cre', 150, '2018-11-24 00:00:00', 'Frais académiques 2018-2019 Pro cre', 93, 85, 3),
(656, 'Frais acad FD', 800, '2018-11-26 00:00:00', 'Frais acad FD', 93, 85, 1),
(657, 'Frais académiques FD', 1230, '2018-11-26 00:00:00', 'Frais académiques FD', 93, 85, 1),
(658, 'Frais académiques 2018-2019 Pro cre', 1320, '2018-11-26 00:00:00', 'Frais académiques 2018-2019 Pro cre', 93, 85, 3),
(659, 'Frais académiques FD', 1030, '2018-11-27 00:00:00', 'Frais académiques FD', 93, 85, 1),
(660, 'Frais académiques 2018-19 FD', 1410, '2018-11-27 00:00:00', 'Frais académiques 2018-19 FD', 93, 85, 1),
(661, 'FRrais acad FD', 20, '2018-11-27 00:00:00', 'FRrais acad FD', 93, 85, 1),
(662, 'Frais académiques FD', 30, '2018-11-27 00:00:00', 'Frais académiques FD', 93, 85, 1),
(663, 'Frais académiques 2018-2019 Pro cre', 650, '2018-11-28 00:00:00', 'Frais académiques 2018-2019 Pro cre', 93, 85, 3),
(664, 'Frais académiques FD', 1060, '2018-11-29 00:00:00', 'Frais académiques FD', 93, 85, 1),
(665, 'Frais académiques FD', 300, '2018-11-29 00:00:00', 'Frais académiques FD', 93, 85, 1),
(666, 'Frais académiques 18-19 FD', 1430, '2018-11-29 00:00:00', 'Frais académiques 18-19 FD', 93, 85, 1),
(667, 'Frais académiques 18-19 FD', 1570, '2018-11-29 00:00:00', 'Frais académiques 18-19 FD', 93, 85, 1),
(668, 'Frais académiques FD', 1690, '2018-11-29 00:00:00', 'Frais académiques FD', 93, 85, 1),
(669, 'Frais académiques 2018-2019 Pro cre', 785, '2018-11-29 00:00:00', 'Frais académiques 2018-2019 Pro cre', 93, 85, 3),
(670, 'Frais académiques 2018-2019 Pro cre', 1640, '2018-11-30 00:00:00', 'Frais académiques 2018-2019 Pro cre', 93, 85, 3),
(671, 'Frais académiques 2018-2019', 640, '2018-11-01 00:00:00', 'Frais académiques 2018-2019', 93, 146, 3),
(672, 'Frais acad FMED', 200, '2018-11-02 00:00:00', 'Frais acad FMED', 93, 146, 1),
(673, 'FRAIS ACADEMIQUES 18-19', 250, '2018-11-02 00:00:00', 'FRAIS ACADEMIQUES 18-19', 93, 146, 3),
(674, 'Frais acad FMED', 100, '2018-11-05 00:00:00', 'Frais acad FMED', 93, 146, 1),
(675, 'Frais académiques fmed', 600, '2018-11-05 00:00:00', 'Frais académiques fmed', 93, 146, 1),
(676, 'Frais académiques 2018-2019', 680, '2018-11-05 00:00:00', 'Frais académiques 2018-2019', 93, 146, 3),
(677, 'Frais académiques 2018-2019', 650, '2018-11-05 00:00:00', 'Frais académiques 2018-2019', 93, 146, 3),
(678, 'Frais académiques FMED', 1100, '2018-11-06 00:00:00', 'Frais académiques FMED', 93, 146, 1),
(679, 'Frais académiques 2018-2019', 720, '2018-11-06 00:00:00', 'Frais académiques 2018-2019', 93, 146, 3),
(680, 'Frais académiques 2018-2019', 750, '2018-11-06 00:00:00', 'Frais académiques 2018-2019', 93, 146, 3),
(681, 'Frais académiques FEMED', 650, '2018-11-07 00:00:00', 'Frais académiques FEMED', 93, 146, 1),
(682, 'Frais académiques FEMED', 600, '2018-11-07 00:00:00', 'Frais académiques FEMED', 93, 146, 1),
(683, 'Frais académiques 2018-2019', 1700, '2018-11-07 00:00:00', 'Frais académiques 2018-2019', 93, 146, 3),
(684, 'Frais académiques medecine', 700, '2018-11-08 00:00:00', 'Frais académiques medecine', 93, 146, 1),
(685, 'Frais acad FMED', 1420, '2018-11-08 00:00:00', 'Frais acad FMED', 93, 146, 1),
(686, 'Frais académiques 2018-2019', 300, '2018-11-08 00:00:00', 'Frais académiques 2018-2019', 93, 146, 3),
(687, 'Frais académique medecine', 800, '2018-11-09 00:00:00', 'Frais académique medecine', 93, 146, 1),
(688, 'Frais académiques 2018-2019', 820, '2018-11-09 00:00:00', 'Frais académiques 2018-2019', 93, 146, 3),
(689, 'Frais académiques 2018-2019', 450, '2018-11-09 00:00:00', 'Frais académiques 2018-2019', 93, 146, 3),
(690, 'Frais académiques 2018-2019', 200, '2018-11-10 00:00:00', 'Frais académiques 2018-2019', 93, 146, 3),
(691, 'Frais académiques 2018-19', 2100, '2018-11-12 00:00:00', 'Frais académiques 2018-19', 93, 146, 1),
(692, 'Frais académiques 2018-2019', 500, '2018-11-12 00:00:00', 'Frais académiques 2018-2019', 93, 146, 3),
(693, 'Frais académiques FMED', 250, '2018-11-13 00:00:00', 'Frais académiques FMED', 93, 146, 1),
(694, 'Frais académiques 2018-2019', 1090, '2018-11-13 00:00:00', 'Frais académiques 2018-2019', 93, 146, 3),
(695, 'Frais académiques med', 60, '2018-11-14 00:00:00', 'Frais académiques med', 93, 146, 1),
(696, 'Frais académiques FEMED', 430, '2018-11-14 00:00:00', 'Frais académiques FEMED', 93, 146, 1),
(697, 'Frais académiques 2018-2019', 860, '2018-11-14 00:00:00', 'Frais académiques 2018-2019', 93, 146, 3),
(698, 'Frais académiques 2018-2019', 780, '2018-11-15 00:00:00', 'Frais académiques 2018-2019', 93, 146, 3),
(699, 'Frais academiques F med', 200, '2018-11-16 00:00:00', 'Frais academiques F med', 93, 146, 1),
(700, 'Frais académiques 2018-19', 1000, '2018-11-16 00:00:00', 'Frais académiques 2018-19', 93, 146, 1),
(701, 'Frais académiques Fmed', 150, '2018-11-16 00:00:00', 'Frais académiques Fmed', 93, 146, 1),
(702, 'Frais académiques 2018-2019', 604, '2018-11-16 00:00:00', 'Frais académiques 2018-2019', 93, 146, 3),
(703, 'Frais académiques 2018-2019', 530, '2018-11-17 00:00:00', 'Frais académiques 2018-2019', 93, 146, 3),
(704, 'Frais académiques 18-19 FMED', 450, '2018-11-19 00:00:00', 'Frais académiques 18-19 FMED', 93, 146, 1),
(705, 'Frais académiques 2018-2019', 1980, '2018-11-19 00:00:00', 'Frais académiques 2018-2019', 93, 146, 3),
(706, 'Frais académiques FMED', 200, '2018-11-20 00:00:00', 'Frais académiques FMED', 93, 146, 1),
(707, 'Frais académiques FMED', 180, '2018-11-20 00:00:00', 'Frais académiques FMED', 93, 146, 1),
(708, 'Frais académiques 2018-2019', 500, '2018-11-20 00:00:00', 'Frais académiques 2018-2019', 93, 146, 3),
(709, 'Frais académiques 2018-2019 Pro cre', 900, '2018-11-20 00:00:00', 'Frais académiques 2018-2019 Pro cre', 93, 146, 3),
(710, 'Frais académiques 2018-2019', 1500, '2018-11-21 00:00:00', 'Frais académiques 2018-2019', 93, 146, 3),
(711, 'Frais académiques 2018-2019 Pro cre', 150, '2018-11-21 00:00:00', 'Frais académiques 2018-2019 Pro cre', 93, 146, 3),
(712, 'Frais académiques FMED', 150, '2018-11-22 00:00:00', 'Frais académiques FMED', 93, 146, 1),
(713, 'Frais académiques BIOMED', 730, '2018-11-22 00:00:00', 'Frais académiques BIOMED', 93, 146, 1);
INSERT INTO `recette` (`id`, `libelle`, `montantrecette`, `create_at`, `description`, `utilisateur_id`, `lignebudgetrecette_id`, `code_journaux_id`) VALUES
(714, 'Frais académiques 2018-2019 Pro cre', 1420, '2018-11-22 00:00:00', 'Frais académiques 2018-2019 Pro cre', 93, 146, 3),
(715, 'Frais académiques FMED', 750, '2018-11-23 00:00:00', 'Frais académiques FMED', 93, 146, 1),
(716, 'Frais académiques 2018-2019 Pro cre', 575, '2018-11-23 00:00:00', 'Frais académiques 2018-2019 Pro cre', 93, 146, 3),
(717, 'Frais académiques 2018-2019 Pro cre', 380, '2018-11-23 00:00:00', 'Frais académiques 2018-2019 Pro cre', 93, 146, 3),
(718, 'Frais académiques FBIOMED', 590, '2018-11-26 00:00:00', 'Frais académiques FBIOMED', 93, 146, 1),
(719, 'Frais académiques 2018-2019 Pro cre', 2190, '2018-11-26 00:00:00', 'Frais académiques 2018-2019 Pro cre', 93, 146, 3),
(720, 'Frais académiques FMED', 60, '2018-11-27 00:00:00', 'Frais académiques FMED', 93, 146, 1),
(721, 'Frais académiques 2018-2019 Pro cre', 450, '2018-11-27 00:00:00', 'Frais académiques 2018-2019 Pro cre', 93, 146, 3),
(722, 'Frais académiques 2018-2019 Pro cre', 1660, '2018-11-28 00:00:00', 'Frais académiques 2018-2019 Pro cre', 93, 146, 3),
(723, 'Frais académiques FMED', 100, '2018-11-29 00:00:00', 'Frais académiques FMED', 93, 146, 1),
(724, 'Frais académiques 18-19 FMED', 300, '2018-11-29 00:00:00', 'Frais académiques 18-19 FMED', 93, 146, 1),
(725, 'Frais académiques FMED', 4305, '2018-11-29 00:00:00', 'Frais académiques FMED', 93, 146, 1),
(726, 'Frais académiques 2018-2019 Pro cre', 460, '2018-11-29 00:00:00', 'Frais académiques 2018-2019 Pro cre', 93, 146, 3),
(727, 'Frais académiques 2018-2019 Pro cre', 600, '2018-11-30 00:00:00', 'Frais académiques 2018-2019 Pro cre', 93, 146, 3),
(728, 'Frais académiques FPSE', 100, '2018-11-01 00:00:00', 'Frais académiques FPSE', 93, 122, 1),
(729, 'Frais académiques 2018-2019', 300, '2018-11-01 00:00:00', 'Frais académiques 2018-2019', 93, 122, 3),
(730, 'Frais acad FPSE', 300, '2018-11-02 00:00:00', 'Frais acad FPSE', 93, 122, 1),
(731, 'Frais académiques PSE', 200, '2018-11-05 00:00:00', 'Frais académiques PSE', 93, 122, 1),
(732, 'Frais académiques 2018-2019', 490, '2018-11-05 00:00:00', 'Frais académiques 2018-2019', 93, 122, 3),
(733, 'Frais académiques 2018-2019', 200, '2018-11-05 00:00:00', 'Frais académiques 2018-2019', 93, 122, 3),
(734, 'Frais académiques 2018-2019', 530, '2018-11-06 00:00:00', 'Frais académiques 2018-2019', 93, 122, 3),
(735, 'Frais académiques 2018-2019', 390, '2018-11-06 00:00:00', 'Frais académiques 2018-2019', 93, 122, 3),
(736, 'Frais académiques FPSE', 197, '2018-11-07 00:00:00', 'Frais académiques FPSE', 93, 122, 1),
(737, 'Frais académiques 2018-2019', 500, '2018-11-07 00:00:00', 'Frais académiques 2018-2019', 93, 122, 3),
(738, 'Frais acad FPSE', 100, '2018-11-08 00:00:00', 'Frais acad FPSE', 93, 122, 1),
(739, 'Frais académique PSE', 200, '2018-11-09 00:00:00', 'Frais académique PSE', 93, 122, 1),
(740, 'Frais académiques 2018-2019', 845, '2018-11-10 00:00:00', 'Frais académiques 2018-2019', 93, 122, 3),
(741, 'Frais académiques 2018-19', 50, '2018-11-12 00:00:00', 'Frais académiques 2018-19', 93, 122, 1),
(742, 'Frais académiques 2018-2019', 1420, '2018-11-12 00:00:00', 'Frais académiques 2018-2019', 93, 122, 3),
(743, 'Frais académiques 2018-2019', 160, '2018-11-13 00:00:00', 'Frais académiques 2018-2019', 93, 122, 3),
(744, 'Frais académiques 2018-2019', 1000, '2018-11-14 00:00:00', 'Frais académiques 2018-2019', 93, 122, 3),
(745, 'Frais académiques FSPSE', 510, '2018-11-15 00:00:00', 'Frais académiques FSPSE', 93, 122, 1),
(746, 'Frais académiques 2018-2019', 200, '2018-11-15 00:00:00', 'Frais académiques 2018-2019', 93, 122, 3),
(747, 'Frais acad 18-19 PSE', 650, '2018-11-19 00:00:00', 'Frais acad 18-19 PSE', 93, 122, 1),
(748, 'Frais académiques FPSE', 100, '2018-11-20 00:00:00', 'Frais académiques FPSE', 93, 122, 1),
(749, 'Retenu Fr académ. nov. 18', 90, '2018-11-20 00:00:00', 'Retenu Fr académ. nov. 18', 93, 122, 2),
(750, 'Frais académiques 2018-2019', 450, '2018-11-20 00:00:00', 'Frais académiques 2018-2019', 93, 122, 3),
(751, 'Frais académiques 2018-2019 Pro cre', 925, '2018-11-22 00:00:00', 'Frais académiques 2018-2019 Pro cre', 93, 122, 3),
(752, 'Frais académiques 2018-2019 Pro cre', 250, '2018-11-23 00:00:00', 'Frais académiques 2018-2019 Pro cre', 93, 122, 3),
(753, 'Frais académiques FPSE', 50, '2018-11-26 00:00:00', 'Frais académiques FPSE', 93, 122, 1),
(754, 'Frais académiques 2018-2019 Pro cre', 110, '2018-11-26 00:00:00', 'Frais académiques 2018-2019 Pro cre', 93, 122, 3),
(755, 'Frais académiques FPSE', 150, '2018-11-27 00:00:00', 'Frais académiques FPSE', 93, 122, 1),
(756, 'Frais académiques 2018-2019 Pro cre', 650, '2018-11-28 00:00:00', 'Frais académiques 2018-2019 Pro cre', 93, 122, 3),
(757, 'Frais académiques FpSE', 130, '2018-11-29 00:00:00', 'Frais académiques FpSE', 93, 122, 1),
(758, 'Frais académiques 18-19 FPSE', 270, '2018-11-29 00:00:00', 'Frais académiques 18-19 FPSE', 93, 122, 1),
(759, 'Frais académiques 2018-2019', 200, '2018-11-01 00:00:00', 'Frais académiques 2018-2019', 93, 110, 3),
(760, 'Frais académiques SDC', 1100, '2018-11-05 00:00:00', 'Frais académiques SDC', 93, 110, 1),
(761, 'Frais académiques 2018-2019', 325, '2018-11-05 00:00:00', 'Frais académiques 2018-2019', 93, 110, 3),
(762, 'Frais académiques 2018-2019', 300, '2018-11-05 00:00:00', 'Frais académiques 2018-2019', 93, 110, 3),
(763, 'Frais académiques FSDC', 170, '2018-11-06 00:00:00', 'Frais académiques FSDC', 93, 110, 1),
(764, 'Frais académiques 2018-2019', 150, '2018-11-06 00:00:00', 'Frais académiques 2018-2019', 93, 110, 3),
(765, 'Frais académiques FSDC', 180, '2018-11-07 00:00:00', 'Frais académiques FSDC', 93, 110, 1),
(766, 'Frais acad ', 250, '2018-11-08 00:00:00', 'Frais acad ', 93, 110, 1),
(767, 'Frais acad FSDC', 1085, '2018-11-08 00:00:00', 'Frais acad FSDC', 93, 110, 1),
(768, 'Frais académiques 2018-2019', 140, '2018-11-08 00:00:00', 'Frais académiques 2018-2019', 93, 110, 3),
(769, 'Frais académique SDC', 380, '2018-11-09 00:00:00', 'Frais académique SDC', 93, 110, 1),
(770, 'Frais académiques 2018-19', 495, '2018-11-12 00:00:00', 'Frais académiques 2018-19', 93, 110, 1),
(771, 'Frais académiques FSDC', 900, '2018-11-13 00:00:00', 'Frais académiques FSDC', 93, 110, 1),
(772, 'Frais académiques 2018-2019', 280, '2018-11-13 00:00:00', 'Frais académiques 2018-2019', 93, 110, 3),
(773, 'Frais académiques FDSC', 200, '2018-11-14 00:00:00', 'Frais académiques FDSC', 93, 110, 1),
(774, 'Frais académiques 2018-2019', 940, '2018-11-14 00:00:00', 'Frais académiques 2018-2019', 93, 110, 3),
(775, 'Frais académiques FSDC', 330, '2018-11-15 00:00:00', 'Frais académiques FSDC', 93, 110, 1),
(776, 'Frais académiques 2018-2019', 200, '2018-11-15 00:00:00', 'Frais académiques 2018-2019', 93, 110, 3),
(777, 'Frais academiques FSDC', 450, '2018-11-16 00:00:00', 'Frais academiques FSDC', 93, 110, 1),
(778, 'Frais académiques 2018-2019', 1100, '2018-11-16 00:00:00', 'Frais académiques 2018-2019', 93, 110, 3),
(779, 'Frais académiques 2018-2019', 1975, '2018-11-19 00:00:00', 'Frais académiques 2018-2019', 93, 110, 3),
(780, 'Frais académiques FSDC', 360, '2018-11-20 00:00:00', 'Frais académiques FSDC', 93, 110, 1),
(781, 'Retenu Fr académ. nov. 18', 150, '2018-11-20 00:00:00', 'Retenu Fr académ. nov. 18', 93, 110, 2),
(782, 'Frais académiques 2018-2019', 550, '2018-11-20 00:00:00', 'Frais académiques 2018-2019', 93, 110, 3),
(783, 'Frais académiques 2018-19', 350, '2018-11-21 00:00:00', 'Frais académiques 2018-19', 93, 110, 1),
(784, 'Frais académiques 2018-2019', 410, '2018-11-21 00:00:00', 'Frais académiques 2018-2019', 93, 110, 3),
(785, 'Frais académiques FSDC', 100, '2018-11-22 00:00:00', 'Frais académiques FSDC', 93, 110, 1),
(786, 'frais académiques FSDC', 100, '2018-11-22 00:00:00', 'frais académiques FSDC', 93, 110, 1),
(787, 'Frais académiques 2018-2019 Pro cre', 780, '2018-11-22 00:00:00', 'Frais académiques 2018-2019 Pro cre', 93, 110, 3),
(788, 'Frais académiques FSDC', 550, '2018-11-23 00:00:00', 'Frais académiques FSDC', 93, 110, 1),
(789, 'Frais académiques 2018-2019 Pro cre', 355, '2018-11-23 00:00:00', 'Frais académiques 2018-2019 Pro cre', 93, 110, 3),
(790, 'Frais académiques 2018-2019 Pro cre', 1625, '2018-11-23 00:00:00', 'Frais académiques 2018-2019 Pro cre', 93, 110, 3),
(791, 'Frais académiques 2018-2019 Pro cre', 200, '2018-11-24 00:00:00', 'Frais académiques 2018-2019 Pro cre', 93, 110, 3),
(792, 'Frais académiques FSDC', 600, '2018-11-26 00:00:00', 'Frais académiques FSDC', 93, 110, 1),
(793, 'Frais académiques 2018-2019 Pro cre', 350, '2018-11-26 00:00:00', 'Frais académiques 2018-2019 Pro cre', 93, 110, 3),
(794, 'Frais académiques 2018-2019 Pro cre', 1102, '2018-11-28 00:00:00', 'Frais académiques 2018-2019 Pro cre', 93, 110, 3),
(795, 'Frais académiques SDC', 500, '2018-11-29 00:00:00', 'Frais académiques SDC', 93, 110, 1),
(796, 'Frais académiques 18-19 FSDC', 640, '2018-11-29 00:00:00', 'Frais académiques 18-19 FSDC', 93, 110, 1),
(797, 'Frais académiques FSDC', 960, '2018-11-29 00:00:00', 'Frais académiques FSDC', 93, 110, 1),
(798, 'Frais académiques 2018-2019 Pro cre', 350, '2018-11-29 00:00:00', 'Frais académiques 2018-2019 Pro cre', 93, 110, 3),
(799, 'Frais académiques 2018-2019 Pro cre', 722, '2018-11-30 00:00:00', 'Frais académiques 2018-2019 Pro cre', 93, 110, 3),
(800, 'Frais académiques FSEG', 600, '2018-11-01 00:00:00', 'Frais académiques FSEG', 93, 97, 1),
(801, 'Frais académiques 2018-2019', 280, '2018-11-01 00:00:00', 'Frais académiques 2018-2019', 93, 97, 3),
(802, 'Frais acad FSEG', 1495, '2018-11-02 00:00:00', 'Frais acad FSEG', 93, 97, 1),
(803, 'FRAIS ACADEMIQUES 18-19', 250, '2018-11-02 00:00:00', 'FRAIS ACADEMIQUES 18-19', 93, 97, 3),
(804, 'Frais académiques FSEG', 2835, '2018-11-05 00:00:00', 'Frais académiques FSEG', 93, 97, 1),
(805, 'Frais acad  FESG', 1500, '2018-11-05 00:00:00', 'Frais acad  FESG', 93, 97, 1),
(806, 'Frais académiques 2018-2019', 770, '2018-11-05 00:00:00', 'Frais académiques 2018-2019', 93, 97, 3),
(807, 'Frais académiques 2018-2019', 1360, '2018-11-05 00:00:00', 'Frais académiques 2018-2019', 93, 97, 3),
(808, 'Frais académiques FSEG', 1050, '2018-11-06 00:00:00', 'Frais académiques FSEG', 93, 97, 1),
(809, 'Frais académiques 2018-2019', 100, '2018-11-06 00:00:00', 'Frais académiques 2018-2019', 93, 97, 3),
(810, 'Frais académiques 2018-2019', 700, '2018-11-06 00:00:00', 'Frais académiques 2018-2019', 93, 97, 3),
(811, 'Frais académiques 18-19 FSEG', 650, '2018-11-07 00:00:00', 'Frais académiques 18-19 FSEG', 93, 97, 1),
(812, 'Frais académiques EConomie', 1740, '2018-11-07 00:00:00', 'Frais académiques EConomie', 93, 97, 1),
(813, 'Frais académiques FSEG', 575, '2018-11-07 00:00:00', 'Frais académiques FSEG', 93, 97, 1),
(814, 'Frais académiques 2018-2019', 440, '2018-11-07 00:00:00', 'Frais académiques 2018-2019', 93, 97, 3),
(815, 'Frais académiques 2018-2019', 100, '2018-11-07 00:00:00', 'Frais académiques 2018-2019', 93, 97, 3),
(816, 'Frais acad ', 1135, '2018-11-08 00:00:00', 'Frais acad ', 93, 97, 1),
(817, 'Frais acad FSEg', 1160, '2018-11-08 00:00:00', 'Frais acad FSEg', 93, 97, 1),
(818, 'Frais académiques 2018-2019', 370, '2018-11-08 00:00:00', 'Frais académiques 2018-2019', 93, 97, 3),
(819, 'Frais académique FsEG', 1060, '2018-11-09 00:00:00', 'Frais académique FsEG', 93, 97, 1),
(820, 'Frais académiques 2018-2019', 587, '2018-11-09 00:00:00', 'Frais académiques 2018-2019', 93, 97, 3),
(821, 'Frais académiques 2018-2019', 230, '2018-11-10 00:00:00', 'Frais académiques 2018-2019', 93, 97, 3),
(822, 'Frais académiques 2018-19', 740, '2018-11-12 00:00:00', 'Frais académiques 2018-19', 93, 97, 1),
(823, 'Frais académiques 2018-2019', 210, '2018-11-12 00:00:00', 'Frais académiques 2018-2019', 93, 97, 3),
(824, 'Frais académiques 2018-2019', 260, '2018-11-12 00:00:00', 'Frais académiques 2018-2019', 93, 97, 3),
(825, 'Frais académiques FSEG', 1960, '2018-11-13 00:00:00', 'Frais académiques FSEG', 93, 97, 1),
(826, 'Frais académiques 2018-2019', 445, '2018-11-13 00:00:00', 'Frais académiques 2018-2019', 93, 97, 3),
(827, 'Frais académiques SEG', 2015, '2018-11-14 00:00:00', 'Frais académiques SEG', 93, 97, 1),
(828, 'Frais académiques FSEG', 1110, '2018-11-14 00:00:00', 'Frais académiques FSEG', 93, 97, 1),
(829, 'Frais académiques 2018-2019', 1400, '2018-11-14 00:00:00', 'Frais académiques 2018-2019', 93, 97, 3),
(830, 'Frais académiques FSEG', 1220, '2018-11-15 00:00:00', 'Frais académiques FSEG', 93, 97, 1),
(831, 'Frais académiques 2018-2019', 290, '2018-11-15 00:00:00', 'Frais académiques 2018-2019', 93, 97, 3),
(832, 'Frais académiques FSEG', 350, '2018-11-16 00:00:00', 'Frais académiques FSEG', 93, 97, 1),
(833, 'Frais académiques FSEG', 3020, '2018-11-16 00:00:00', 'Frais académiques FSEG', 93, 97, 1),
(834, 'Frais academiques FSEG', 200, '2018-11-16 00:00:00', 'Frais academiques FSEG', 93, 97, 1),
(835, 'Frais académiques 2018-2019', 1022, '2018-11-16 00:00:00', 'Frais académiques 2018-2019', 93, 97, 3),
(836, 'Frais académiques 2018-2019', 330, '2018-11-16 00:00:00', 'Frais académiques 2018-2019', 93, 97, 3),
(837, 'Frais académiques 2018-2019', 800, '2018-11-17 00:00:00', 'Frais académiques 2018-2019', 93, 97, 3),
(838, 'Frais académiques 18-19 FSEG', 2190, '2018-11-19 00:00:00', 'Frais académiques 18-19 FSEG', 93, 97, 1),
(839, 'Frais académiques 2018-2019', 2326, '2018-11-19 00:00:00', 'Frais académiques 2018-2019', 93, 97, 3),
(840, 'Frais académiques FSEG', 2490, '2018-11-20 00:00:00', 'Frais académiques FSEG', 93, 97, 1),
(841, 'Frais académiques FSEG', 785, '2018-11-20 00:00:00', 'Frais académiques FSEG', 93, 97, 1),
(842, 'Frais académiques FSEG', 300, '2018-11-20 00:00:00', 'Frais académiques FSEG', 93, 97, 1),
(843, 'Retenu Fr académ. nov. 18', 174, '2018-11-20 00:00:00', 'Retenu Fr académ. nov. 18', 93, 97, 2),
(844, 'Retenu Fr académ. nov. 18', 12, '2018-11-20 00:00:00', 'Retenu Fr académ. nov. 18', 93, 97, 2),
(845, 'Frais académiques 2018-2019', 540, '2018-11-20 00:00:00', 'Frais académiques 2018-2019', 93, 97, 3),
(846, 'Frais académiques 2018-2019', 350, '2018-11-20 00:00:00', 'Frais académiques 2018-2019', 93, 97, 3),
(847, 'Frais académiques 2018-2019 Pro cre', 2, '2018-11-20 00:00:00', 'Frais académiques 2018-2019 Pro cre', 93, 97, 3),
(848, 'Frais académiques 2018-19', 1370, '2018-11-21 00:00:00', 'Frais académiques 2018-19', 93, 97, 1),
(849, 'Frais académiques 2018-2019', 997, '2018-11-21 00:00:00', 'Frais académiques 2018-2019', 93, 97, 3),
(850, 'Frais académiques FSTA', 2225, '2018-11-22 00:00:00', 'Frais académiques FSTA', 93, 97, 1),
(851, 'Frais académiques FSEG', 4340, '2018-11-22 00:00:00', 'Frais académiques FSEG', 93, 97, 1),
(852, 'Frais académiques FSEG', 200, '2018-11-22 00:00:00', 'Frais académiques FSEG', 93, 97, 1),
(853, 'frais académiques FSEG', 100, '2018-11-22 00:00:00', 'frais académiques FSEG', 93, 97, 1),
(854, 'Frais académiques FSEG', 2695, '2018-11-22 00:00:00', 'Frais académiques FSEG', 93, 97, 1),
(855, 'Frais académiques FSEG', 390, '2018-11-22 00:00:00', 'Frais académiques FSEG', 93, 97, 1),
(856, 'Frais académiques 2018-2019 Pro cre', 730, '2018-11-22 00:00:00', 'Frais académiques 2018-2019 Pro cre', 93, 97, 3),
(857, 'Frais académiques FSEG', 100, '2018-11-23 00:00:00', 'Frais académiques FSEG', 93, 97, 1),
(858, 'Frais académiques 2018-2019 Pro cre', 502, '2018-11-23 00:00:00', 'Frais académiques 2018-2019 Pro cre', 93, 97, 3),
(859, 'Frais académiques 2018-2019 Pro cre', 100, '2018-11-23 00:00:00', 'Frais académiques 2018-2019 Pro cre', 93, 97, 3),
(860, 'Frais académiques 2018-2019 Pro cre', 40, '2018-11-25 00:00:00', 'Frais académiques 2018-2019 Pro cre', 93, 97, 3),
(861, 'Frais acad economie', 1310, '2018-11-26 00:00:00', 'Frais acad economie', 93, 97, 1),
(862, 'Frais académiques FSEG', 1640, '2018-11-26 00:00:00', 'Frais académiques FSEG', 93, 97, 1),
(863, 'Frais académiques FSEG', 550, '2018-11-26 00:00:00', 'Frais académiques FSEG', 93, 97, 1),
(864, 'paiement frais acad fseg Rawbank', 785, '2018-11-26 00:00:00', 'paiement frais acad fseg Rawbank', 93, 97, 5),
(865, 'Frais académiques 2018-2019 Pro cre', 775, '2018-11-26 00:00:00', 'Frais académiques 2018-2019 Pro cre', 93, 97, 3),
(866, 'Frais académiques 2018-2019 Pro cre', 35, '2018-11-26 00:00:00', 'Frais académiques 2018-2019 Pro cre', 93, 97, 3),
(867, 'Frais académiques FSEG', 410, '2018-11-27 00:00:00', 'Frais académiques FSEG', 93, 97, 1),
(868, 'Frais académiques 2018-19 FSEG', 3190, '2018-11-27 00:00:00', 'Frais académiques 2018-19 FSEG', 93, 97, 1),
(869, 'FRrais acad FSEG', 1540, '2018-11-27 00:00:00', 'FRrais acad FSEG', 93, 97, 1),
(870, 'pmt Fr acad Paluku Sivaheswa FSEG', 175, '2018-11-27 00:00:00', 'pmt Fr acad Paluku Sivaheswa FSEG', 93, 97, 4),
(871, 'Frais académiques 2018-2019 Pro cre', 1190, '2018-11-28 00:00:00', 'Frais académiques 2018-2019 Pro cre', 93, 97, 3),
(872, 'Frais académiques FSEG', 1660, '2018-11-29 00:00:00', 'Frais académiques FSEG', 93, 97, 1),
(873, 'Frais académiques FSEG', 400, '2018-11-29 00:00:00', 'Frais académiques FSEG', 93, 97, 1),
(874, 'Frais académiques 18-19 FSEG', 1140, '2018-11-29 00:00:00', 'Frais académiques 18-19 FSEG', 93, 97, 1),
(875, 'Frais académiques 18-19 FSEG', 150, '2018-11-29 00:00:00', 'Frais académiques 18-19 FSEG', 93, 97, 1),
(876, 'Frais académiques FSEG', 2750, '2018-11-29 00:00:00', 'Frais académiques FSEG', 93, 97, 1),
(877, 'Frais académiques 2018-2019 Pro cre', 405, '2018-11-29 00:00:00', 'Frais académiques 2018-2019 Pro cre', 93, 97, 3),
(878, 'Frais académiques FSEG', 140, '2018-11-30 00:00:00', 'Frais académiques FSEG', 93, 97, 1),
(879, 'Frais académiques 2018-2019 Pro cre', 824, '2018-11-30 00:00:00', 'Frais académiques 2018-2019 Pro cre', 93, 97, 3),
(880, 'Frais académiques 2018-2019', 10, '2018-11-01 00:00:00', 'Frais académiques 2018-2019', 93, 134, 3),
(881, 'Frais acad FSTA', 600, '2018-11-02 00:00:00', 'Frais acad FSTA', 93, 134, 1),
(882, 'FRAIS ACADEMIQUES 18-19', 200, '2018-11-02 00:00:00', 'FRAIS ACADEMIQUES 18-19', 93, 134, 3),
(883, 'Frais académiques FSTA', 850, '2018-11-05 00:00:00', 'Frais académiques FSTA', 93, 134, 1),
(884, 'Frais acad FSTA', 100, '2018-11-05 00:00:00', 'Frais acad FSTA', 93, 134, 1),
(885, 'Frais académiques 2018-2019', 380, '2018-11-05 00:00:00', 'Frais académiques 2018-2019', 93, 134, 3),
(886, 'Frais académiques FSTA', 565, '2018-11-06 00:00:00', 'Frais académiques FSTA', 93, 134, 1),
(887, 'Frais académiques 2018-2019', 100, '2018-11-06 00:00:00', 'Frais académiques 2018-2019', 93, 134, 3),
(888, 'Frais acdémiiques  FSTA', 445, '2018-11-07 00:00:00', 'Frais acdémiiques  FSTA', 93, 134, 1),
(889, 'Frais académiques FSTA', 300, '2018-11-07 00:00:00', 'Frais académiques FSTA', 93, 134, 1),
(890, 'Frais académiques FSTA', 1140, '2018-11-07 00:00:00', 'Frais académiques FSTA', 93, 134, 1),
(891, 'Frais académiques 2018-2019', 360, '2018-11-07 00:00:00', 'Frais académiques 2018-2019', 93, 134, 3),
(892, 'Frais acad ', 775, '2018-11-08 00:00:00', 'Frais acad ', 93, 134, 1),
(893, 'Frais acad FSTA', 770, '2018-11-08 00:00:00', 'Frais acad FSTA', 93, 134, 1),
(894, 'Frais académiques 2018-2019', 1051, '2018-11-08 00:00:00', 'Frais académiques 2018-2019', 93, 134, 3),
(895, 'Frais académiques 2018-2019', 550, '2018-11-10 00:00:00', 'Frais académiques 2018-2019', 93, 134, 3),
(896, 'Frais académiques 2018-19', 1545, '2018-11-12 00:00:00', 'Frais académiques 2018-19', 93, 134, 1),
(897, 'Frais académiques 2018-2019', 45, '2018-11-12 00:00:00', 'Frais académiques 2018-2019', 93, 134, 3),
(898, 'Frais académiques FSTA', 1080, '2018-11-13 00:00:00', 'Frais académiques FSTA', 93, 134, 1),
(899, 'Frais académiques FSTA', 885, '2018-11-14 00:00:00', 'Frais académiques FSTA', 93, 134, 1),
(900, 'Frais académiques FSTA', 380, '2018-11-14 00:00:00', 'Frais académiques FSTA', 93, 134, 1),
(901, 'Frais académiques 2018-2019', 450, '2018-11-14 00:00:00', 'Frais académiques 2018-2019', 93, 134, 3),
(902, 'Frais académiques FSTA', 595, '2018-11-15 00:00:00', 'Frais académiques FSTA', 93, 134, 1),
(903, 'Frais académiques 2018-2019', 400, '2018-11-15 00:00:00', 'Frais académiques 2018-2019', 93, 134, 3),
(904, 'Frais académiques FSTA', 690, '2018-11-16 00:00:00', 'Frais académiques FSTA', 93, 134, 1),
(905, 'Frais académiques FSTA', 1510, '2018-11-16 00:00:00', 'Frais académiques FSTA', 93, 134, 1),
(906, 'Frais academiques FSTA', 350, '2018-11-16 00:00:00', 'Frais academiques FSTA', 93, 134, 1),
(907, 'Frais académiques 18-19 FSTA', 395, '2018-11-19 00:00:00', 'Frais académiques 18-19 FSTA', 93, 134, 1),
(908, 'Frais académiques 2018-2019', 1400, '2018-11-19 00:00:00', 'Frais académiques 2018-2019', 93, 134, 3),
(909, 'Frais académiques FSTA', 460, '2018-11-20 00:00:00', 'Frais académiques FSTA', 93, 134, 1),
(910, 'Frais académiques FSTA', 360, '2018-11-20 00:00:00', 'Frais académiques FSTA', 93, 134, 1),
(911, 'Frais académiques fsta', 500, '2018-11-20 00:00:00', 'Frais académiques fsta', 93, 134, 1),
(912, 'Frais académiques FSTA', 100, '2018-11-20 00:00:00', 'Frais académiques FSTA', 93, 134, 1),
(913, 'Frais académiques 2018-2019', 580, '2018-11-20 00:00:00', 'Frais académiques 2018-2019', 93, 134, 3),
(914, 'Frais académiques 2018-19', 175, '2018-11-21 00:00:00', 'Frais académiques 2018-19', 93, 134, 1),
(915, 'Frais académiques  FSTA 2018-19', 200, '2018-11-21 00:00:00', 'Frais académiques  FSTA 2018-19', 93, 134, 1),
(916, 'Frais académiques 2018-2019', 1245, '2018-11-21 00:00:00', 'Frais académiques 2018-2019', 93, 134, 3),
(917, 'Frais académiques FSTA', 1610, '2018-11-22 00:00:00', 'Frais académiques FSTA', 93, 134, 1),
(918, 'Frais académiques FSTA', 300, '2018-11-22 00:00:00', 'Frais académiques FSTA', 93, 134, 1),
(919, 'Frais académiques FSTA', 345, '2018-11-22 00:00:00', 'Frais académiques FSTA', 93, 134, 1),
(920, 'Frais académiques FSTA', 200, '2018-11-22 00:00:00', 'Frais académiques FSTA', 93, 134, 1),
(921, 'Frais académiques 2018-2019 Pro cre', 370, '2018-11-22 00:00:00', 'Frais académiques 2018-2019 Pro cre', 93, 134, 3),
(922, 'Frais académiques 2018-2019 Pro cre', 200, '2018-11-23 00:00:00', 'Frais académiques 2018-2019 Pro cre', 93, 134, 3),
(923, 'Frais académiques 2018-2019 Pro cre', 200, '2018-11-24 00:00:00', 'Frais académiques 2018-2019 Pro cre', 93, 134, 3),
(924, 'Frais acad FSTA', 560, '2018-11-26 00:00:00', 'Frais acad FSTA', 93, 134, 1),
(925, 'Frais académiques FSTA', 550, '2018-11-26 00:00:00', 'Frais académiques FSTA', 93, 134, 1),
(926, 'Frais académiques 2018-2019 Pro cre', 100, '2018-11-26 00:00:00', 'Frais académiques 2018-2019 Pro cre', 93, 134, 3),
(927, 'Frais académiques FSTA', 680, '2018-11-27 00:00:00', 'Frais académiques FSTA', 93, 134, 1),
(928, 'Frais académiques 2018-19 FSTA', 560, '2018-11-27 00:00:00', 'Frais académiques 2018-19 FSTA', 93, 134, 1),
(929, 'FRrais acad FSTA', 300, '2018-11-27 00:00:00', 'FRrais acad FSTA', 93, 134, 1),
(930, 'Frais académiques 2018-2019 Pro cre', 200, '2018-11-28 00:00:00', 'Frais académiques 2018-2019 Pro cre', 93, 134, 3),
(931, 'Frais académiques FSTA', 2800, '2018-11-29 00:00:00', 'Frais académiques FSTA', 93, 134, 1),
(932, 'Frais académiques 18-19 FSTA', 640, '2018-11-29 00:00:00', 'Frais académiques 18-19 FSTA', 93, 134, 1),
(933, 'Frais académiques FSTA', 2385, '2018-11-29 00:00:00', 'Frais académiques FSTA', 93, 134, 1),
(934, 'Frais académiques 2018-2019 Pro cre', 220, '2018-11-29 00:00:00', 'Frais académiques 2018-2019 Pro cre', 93, 134, 3),
(935, 'Frais académiques 2018-2019 Pro cre', 235, '2018-11-30 00:00:00', 'Frais académiques 2018-2019 Pro cre', 93, 134, 3),
(936, 'Frais académiques FT', 145, '2018-11-01 00:00:00', 'Frais académiques FT', 93, 71, 1),
(937, 'pmt frais académ Paluku Syaira', 100, '2018-11-03 00:00:00', 'pmt frais académ Paluku Syaira', 93, 71, 4),
(938, 'Frais académiques FT', 100, '2018-11-07 00:00:00', 'Frais académiques FT', 93, 71, 1),
(939, 'Frais acad FT', 70, '2018-11-08 00:00:00', 'Frais acad FT', 93, 71, 1),
(940, 'Frais académiques FT', 100, '2018-11-09 00:00:00', 'Frais académiques FT', 93, 71, 1),
(941, 'Frais académiques 2018-2019', 100, '2018-11-12 00:00:00', 'Frais académiques 2018-2019', 93, 71, 3),
(942, 'Frais académiques FT', 120, '2018-11-13 00:00:00', 'Frais académiques FT', 93, 71, 1),
(943, 'Frais académiques FT', 150, '2018-11-14 00:00:00', 'Frais académiques FT', 93, 71, 1),
(944, 'Frais académiques 2018-2019', 190, '2018-11-14 00:00:00', 'Frais académiques 2018-2019', 93, 71, 3),
(945, 'Frais académiques FT', 250, '2018-11-15 00:00:00', 'Frais académiques FT', 93, 71, 1),
(946, 'Frais académiques 18-19 FT', 100, '2018-11-19 00:00:00', 'Frais académiques 18-19 FT', 93, 71, 1),
(947, 'Frais acad FT', 1270, '2018-11-20 00:00:00', 'Frais acad FT', 93, 71, 1),
(948, 'Frais académiques 2018-2019 Pro cre', 120, '2018-11-23 00:00:00', 'Frais académiques 2018-2019 Pro cre', 93, 71, 3),
(949, 'Frais académiques 2018-2019 Pro cre', 150, '2018-11-23 00:00:00', 'Frais académiques 2018-2019 Pro cre', 93, 71, 3),
(950, 'Frais académiques FT', 200, '2018-11-26 00:00:00', 'Frais académiques FT', 93, 71, 1),
(951, 'Frais académiques FT', 100, '2018-11-29 00:00:00', 'Frais académiques FT', 93, 71, 1),
(952, 'Frais académiques 2018-2019 Pro cre', 700, '2018-11-30 00:00:00', 'Frais académiques 2018-2019 Pro cre', 93, 71, 3),
(953, 'Frais Inscription FD', 50, '2018-11-01 00:00:00', 'Frais Inscription FD', 93, 88, 1),
(954, 'Inscription FMED', 145, '2018-11-05 00:00:00', 'Inscription FMED', 93, 149, 1),
(955, 'Frais d\'inscription FMED', 100, '2018-11-12 00:00:00', 'Frais d\'inscription FMED', 93, 149, 1),
(956, 'Frais d\'inscription PSE', 40, '2018-11-13 00:00:00', 'Frais d\'inscription PSE', 93, 125, 1),
(957, 'Inscription PSE', 140, '2018-11-15 00:00:00', 'Inscription PSE', 93, 125, 1),
(958, 'Frais Inscription FSEG', 20, '2018-11-01 00:00:00', 'Frais Inscription FSEG', 93, 100, 1),
(959, 'Frais d\'inscription FSEG', 20, '2018-11-02 00:00:00', 'Frais d\'inscription FSEG', 93, 100, 1),
(960, 'Frais d\'inscription FSEG', 20, '2018-11-09 00:00:00', 'Frais d\'inscription FSEG', 93, 100, 1),
(961, 'Frais d\'inscription FSEF', 60, '2018-11-27 00:00:00', 'Frais d\'inscription FSEF', 93, 100, 1),
(962, 'Frais Inscription FSTA', 20, '2018-11-01 00:00:00', 'Frais Inscription FSTA', 93, 137, 1),
(963, 'Inscription FSA', 20, '2018-11-07 00:00:00', 'Inscription FSA', 93, 137, 1),
(964, 'Frais d\'inscription FSTA', 20, '2018-11-08 00:00:00', 'Frais d\'inscription FSTA', 93, 137, 1),
(965, 'Frais d\'inscription FSTA', 40, '2018-11-09 00:00:00', 'Frais d\'inscription FSTA', 93, 137, 1),
(966, 'Frais d\'inscription FSTA', 20, '2018-11-12 00:00:00', 'Frais d\'inscription FSTA', 93, 137, 1),
(967, 'Inscription FSTA', 60, '2018-11-19 00:00:00', 'Inscription FSTA', 93, 137, 1),
(968, 'Frais Inscription FT', 40, '2018-11-01 00:00:00', 'Frais Inscription FT', 93, 74, 1),
(969, 'Frais d\'inscription FT', 20, '2018-11-06 00:00:00', 'Frais d\'inscription FT', 93, 74, 1),
(970, 'Frais d\'inscription Spéciale FD', 210, '2018-11-02 00:00:00', 'Frais d\'inscription Spéciale FD', 93, 89, 1),
(971, 'Inscription spéciale FD', 70, '2018-11-05 00:00:00', 'Inscription spéciale FD', 93, 89, 1),
(972, 'Inscription spéciale FD', 140, '2018-11-12 00:00:00', 'Inscription spéciale FD', 93, 89, 1),
(973, 'Inscription spéciale FD', 90, '2018-11-23 00:00:00', 'Inscription spéciale FD', 93, 89, 1),
(974, 'Frais d\'inscription  spéc FMED', 140, '2018-11-12 00:00:00', 'Frais d\'inscription  spéc FMED', 93, 150, 1),
(975, 'Inscription spéciale FMED', 70, '2018-11-13 00:00:00', 'Inscription spéciale FMED', 93, 150, 1),
(976, 'Inscription spéciale medecine ', 140, '2018-11-20 00:00:00', 'Inscription spéciale medecine ', 93, 150, 1),
(977, 'Inscription spéciale FMED', 70, '2018-11-22 00:00:00', 'Inscription spéciale FMED', 93, 150, 1),
(978, 'Inscription spéciale PSE', 70, '2018-11-14 00:00:00', 'Inscription spéciale PSE', 93, 126, 1),
(979, 'Inscription spéciale', 190, '2018-11-16 00:00:00', 'Inscription spéciale', 93, 114, 1),
(980, 'Insription spéciale FSTA', 250, '2018-11-01 00:00:00', 'Insription spéciale FSTA', 93, 138, 1),
(981, 'Inscription spéciale FSTA', 140, '2018-11-06 00:00:00', 'Inscription spéciale FSTA', 93, 138, 1),
(982, 'Frais d\'inscription spéciale ', 70, '2018-11-27 00:00:00', 'Frais d\'inscription spéciale ', 93, 138, 1),
(983, 'Inscrption spéciale FT', 120, '2018-11-09 00:00:00', 'Inscrption spéciale FT', 93, 75, 1),
(984, 'Subvention MEU 4e trim 2018', 2749.4, '2018-11-20 00:00:00', 'Subvention MEU 4e trim 2018', 93, 82, 3),
(985, 'Subvention MEU 4e trim 2018', 1374.71, '2018-11-20 00:00:00', 'Subvention MEU 4e trim 2018', 93, 83, 3);

-- --------------------------------------------------------

--
-- Structure de la table `rubrique`
--

DROP TABLE IF EXISTS `rubrique`;
CREATE TABLE IF NOT EXISTS `rubrique` (
  `id` int(11) NOT NULL AUTO_INCREMENT,
  `nom` varchar(255) COLLATE utf8mb4_unicode_ci NOT NULL,
  PRIMARY KEY (`id`)
) ENGINE=InnoDB AUTO_INCREMENT=16 DEFAULT CHARSET=utf8mb4 COLLATE=utf8mb4_unicode_ci;

--
-- Déchargement des données de la table `rubrique`
--

INSERT INTO `rubrique` (`id`, `nom`) VALUES
(12, 'Recettes propres'),
(13, 'Subvensions'),
(14, 'Investissement'),
(15, 'Fonctionnement');

-- --------------------------------------------------------

--
-- Structure de la table `service`
--

DROP TABLE IF EXISTS `service`;
CREATE TABLE IF NOT EXISTS `service` (
  `id` int(11) NOT NULL AUTO_INCREMENT,
  `designation` varchar(255) COLLATE utf8mb4_unicode_ci NOT NULL,
  `emailservice` varchar(255) COLLATE utf8mb4_unicode_ci DEFAULT NULL,
  `description` varchar(255) COLLATE utf8mb4_unicode_ci DEFAULT NULL,
  `axe_analytique_id` int(11) DEFAULT NULL,
  PRIMARY KEY (`id`),
  KEY `IDX_E19D9AD2D7F89D74` (`axe_analytique_id`)
) ENGINE=InnoDB AUTO_INCREMENT=33 DEFAULT CHARSET=utf8mb4 COLLATE=utf8mb4_unicode_ci;

--
-- Déchargement des données de la table `service`
--

INSERT INTO `service` (`id`, `designation`, `emailservice`, `description`, `axe_analytique_id`) VALUES
(1, 'SGAC', '', '', 1),
(2, 'SGAD', '', '', 1),
(3, 'Rectorat', '', '', 1),
(4, 'Admin budget', '', '', 1),
(5, 'Admin centrale', '', '', 1),
(6, 'Intendance', NULL, '', 1),
(7, 'Bibliotheques', NULL, 'Bibliotheques', 2),
(8, 'CAREPD', '', 'CAREPD ULPGL', 2),
(9, 'CHU', '', '', 2),
(10, 'CIME', '', '', 2),
(11, 'Coupe couture', NULL, 'CPFP ULPGL', 2),
(12, 'DEA', '', '', 2),
(13, 'METANOEA', NULL, 'METANOEA', 2),
(14, 'KAUTA', NULL, '', 2),
(15, 'BERSAC', '', 'BERSAC', 2),
(16, 'CREDDA', '', '', 2),
(17, 'EMW', '', 'EMW', 3),
(18, 'ICCO KERK IN ACTIE', '', 'ICCO KERK IN ACTIE', 3),
(19, 'MEU CONSTRUCTION', '', 'MEU CONSTRUCTION', 3),
(20, 'PPLM CONTRUCTION', NULL, 'PPLM CONTRUCTION', 3),
(21, 'PPLM RENF COMPENTEN', NULL, 'PPLM RENF COMPENTEN', 3),
(22, 'Faculté Droit', '', 'Faculté Droit', 4),
(23, 'Faculté Economie', '', 'Faculté Economie', 4),
(24, 'Faculté Médecine', '', 'Faculté Médecine', 4),
(25, 'Faculté Psychologie', '', 'Faculté Psychologie', 4),
(26, 'Faculté Santé', '', 'Faculté Santé', 4),
(27, 'Faculté Technologie', '', 'Faculté Technologie', 4),
(28, 'Faculté Theologie', '', 'Faculté Theologie', 4),
(29, 'RESTAURANT APETITO', NULL, NULL, 2),
(30, 'Ecole Doctorale', NULL, NULL, 2),
(31, 'Creche', NULL, 'CPFP ULPGL', 2),
(32, 'Restaurant Jovial', NULL, 'CPFP ULPGL', 2);

-- --------------------------------------------------------

--
-- Structure de la table `sgbfunction`
--

DROP TABLE IF EXISTS `sgbfunction`;
CREATE TABLE IF NOT EXISTS `sgbfunction` (
  `id` int(11) NOT NULL AUTO_INCREMENT,
  `nomfonction` varchar(255) COLLATE utf8mb4_unicode_ci NOT NULL,
  PRIMARY KEY (`id`)
) ENGINE=InnoDB AUTO_INCREMENT=13 DEFAULT CHARSET=utf8mb4 COLLATE=utf8mb4_unicode_ci;

--
-- Déchargement des données de la table `sgbfunction`
--

INSERT INTO `sgbfunction` (`id`, `nomfonction`) VALUES
(1, 'Service'),
(2, 'Personne'),
(3, 'Prevision'),
(4, 'LigneBudgetaire'),
(5, 'Recette'),
(6, 'Depenses'),
(7, 'Analyse'),
(8, 'OP'),
(9, 'Decaisser'),
(10, 'Rapports'),
(11, 'Configuration'),
(12, 'Plantresorerie');

-- --------------------------------------------------------

--
-- Structure de la table `sgbfunctions_role`
--

DROP TABLE IF EXISTS `sgbfunctions_role`;
CREATE TABLE IF NOT EXISTS `sgbfunctions_role` (
  `id` int(11) NOT NULL AUTO_INCREMENT,
  `role_id` int(11) DEFAULT NULL,
  `function_id` int(11) DEFAULT NULL,
  `description` varchar(255) COLLATE utf8mb4_unicode_ci DEFAULT NULL,
  PRIMARY KEY (`id`),
  KEY `IDX_97A8445CD60322AC` (`role_id`),
  KEY `IDX_97A8445C67048801` (`function_id`)
) ENGINE=InnoDB AUTO_INCREMENT=44 DEFAULT CHARSET=utf8mb4 COLLATE=utf8mb4_unicode_ci;

--
-- Déchargement des données de la table `sgbfunctions_role`
--

INSERT INTO `sgbfunctions_role` (`id`, `role_id`, `function_id`, `description`) VALUES
(1, 1, 1, NULL),
(2, 1, 2, NULL),
(3, 1, 3, NULL),
(4, 1, 4, NULL),
(5, 1, 5, NULL),
(6, 5, 6, NULL),
(7, 1, 7, NULL),
(8, 2, 8, NULL),
(10, 6, 9, ''),
(12, 1, 11, NULL),
(13, 1, 8, NULL),
(14, 1, 9, NULL),
(15, 8, 3, NULL),
(16, 8, 5, NULL),
(17, 8, 6, NULL),
(18, 8, 8, NULL),
(19, 7, 8, NULL),
(20, 2, 7, NULL),
(21, 7, 7, NULL),
(22, 6, 5, NULL),
(23, 8, 9, NULL),
(24, 5, 3, NULL),
(25, 5, 5, NULL),
(26, 5, 4, NULL),
(27, 5, 8, NULL),
(28, 5, 7, NULL),
(29, 5, 1, NULL),
(30, 5, 2, NULL),
(31, 7, 3, NULL),
(32, 1, 12, NULL),
(33, 9, 12, NULL),
(34, 8, 12, NULL),
(35, 4, 7, NULL),
(36, 4, 6, NULL),
(37, 4, 3, NULL),
(38, 7, 7, NULL),
(39, 7, 6, NULL),
(40, 8, 7, NULL),
(41, 8, 6, NULL),
(42, 5, 9, NULL),
(43, 1, 6, NULL);

-- --------------------------------------------------------

--
-- Structure de la table `sgbrole`
--

DROP TABLE IF EXISTS `sgbrole`;
CREATE TABLE IF NOT EXISTS `sgbrole` (
  `id` int(11) NOT NULL AUTO_INCREMENT,
  `nomrole` varchar(255) COLLATE utf8mb4_unicode_ci NOT NULL,
  PRIMARY KEY (`id`)
) ENGINE=InnoDB AUTO_INCREMENT=10 DEFAULT CHARSET=utf8mb4 COLLATE=utf8mb4_unicode_ci;

--
-- Déchargement des données de la table `sgbrole`
--

INSERT INTO `sgbrole` (`id`, `nomrole`) VALUES
(1, 'ROLE_ADMIN'),
(2, 'ROLE_RECTOR'),
(3, 'ROLE_SG'),
(4, 'ROLE_AB'),
(5, 'ROLE_COMPTABILITE'),
(6, 'ROLE_CAISSE'),
(7, 'ROLE_CHEF_SERVICE'),
(8, 'ROLE_COMPTE_FAC'),
(9, 'ROLE_AUDIT');

-- --------------------------------------------------------

--
-- Structure de la table `sous_rubrique`
--

DROP TABLE IF EXISTS `sous_rubrique`;
CREATE TABLE IF NOT EXISTS `sous_rubrique` (
  `id` int(11) NOT NULL AUTO_INCREMENT,
  `rubrique_id` int(11) NOT NULL,
  `nom` varchar(255) COLLATE utf8mb4_unicode_ci NOT NULL,
  PRIMARY KEY (`id`),
  KEY `IDX_87EA3D293BD38833` (`rubrique_id`)
) ENGINE=InnoDB AUTO_INCREMENT=37 DEFAULT CHARSET=utf8mb4 COLLATE=utf8mb4_unicode_ci;

--
-- Déchargement des données de la table `sous_rubrique`
--

INSERT INTO `sous_rubrique` (`id`, `rubrique_id`, `nom`) VALUES
(3, 12, 'Recette sur vente'),
(4, 12, 'Recettes sur services academiques'),
(5, 12, 'Bibliotheques'),
(6, 12, 'Recettes sur documents administratifs'),
(7, 12, 'Recettes sur travaux des etudiants'),
(9, 12, 'CIME'),
(10, 12, 'Produits accessoires'),
(11, 13, 'Subvention de l\'Etat'),
(12, 12, 'Contributions des projets'),
(13, 13, 'MEU'),
(14, 13, 'PPLM'),
(15, 13, 'Autres'),
(16, 14, 'Constructions en cours'),
(17, 14, 'Equipement'),
(18, 14, 'Formation '),
(19, 15, 'Matieres et fournitures'),
(20, 15, 'Reunions et conseils'),
(21, 15, 'Autres fournitures'),
(22, 15, 'Voyages et deplacements'),
(23, 15, 'Entretiens et reparations'),
(24, 15, 'Assurances, publicites et relations p'),
(25, 15, 'Enseignements/Honoraires'),
(26, 15, 'Travaux des etudiants'),
(27, 15, 'Renforcement des capacites (Aide minerval etudiants pauvres)'),
(28, 15, 'Renforcement des capacites (Action de qualification)'),
(29, 15, 'Diverses contributions'),
(30, 15, 'Autres services consommes'),
(31, 15, 'Bourses et Remboursements '),
(32, 15, 'Charges et Pertes diverses'),
(33, 15, 'Charges du personnel'),
(34, 15, 'Quote-part Patronnale'),
(35, 15, 'Interets payes'),
(36, 12, 'CPFP');

--
-- Contraintes pour les tables déchargées
--

--
-- Contraintes pour la table `caisse_centrale`
--
ALTER TABLE `caisse_centrale`
  ADD CONSTRAINT `FK_77E020B241D81563` FOREIGN KEY (`depense_id`) REFERENCES `detaildepense` (`id`),
  ADD CONSTRAINT `FK_77E020B289312FE9` FOREIGN KEY (`recette_id`) REFERENCES `recette` (`id`);

--
-- Contraintes pour la table `depense`
--
ALTER TABLE `depense`
  ADD CONSTRAINT `FK_340597572F59CE5F` FOREIGN KEY (`ligne_budgetaire_id`) REFERENCES `previsionbudget` (`id`),
  ADD CONSTRAINT `FK_340597576CEA4152` FOREIGN KEY (`utilisateurdepense_id`) REFERENCES `personne` (`id`),
  ADD CONSTRAINT `FK_34059757ED5CA9E6` FOREIGN KEY (`service_id`) REFERENCES `service` (`id`);

--
-- Contraintes pour la table `detaildepense`
--
ALTER TABLE `detaildepense`
  ADD CONSTRAINT `FK_DFFC694F8AF467E5` FOREIGN KEY (`lignebudgetsource_id`) REFERENCES `previsionbudget` (`id`),
  ADD CONSTRAINT `FK_DFFC694F936D0CFA` FOREIGN KEY (`depense_id_id`) REFERENCES `depense` (`id`),
  ADD CONSTRAINT `FK_DFFC694F951529E3` FOREIGN KEY (`caisse_centrale_id`) REFERENCES `compte_journaux` (`id`),
  ADD CONSTRAINT `FK_DFFC694FAB129A21` FOREIGN KEY (`lignebudgetdepense_id`) REFERENCES `previsionbudget` (`id`);

--
-- Contraintes pour la table `etatbesoin`
--
ALTER TABLE `etatbesoin`
  ADD CONSTRAINT `FK_4DB7283441D81563` FOREIGN KEY (`depense_id`) REFERENCES `depense` (`id`);

--
-- Contraintes pour la table `personne`
--
ALTER TABLE `personne`
  ADD CONSTRAINT `FK_FCEC9EFAEF5A6C1` FOREIGN KEY (`services_id`) REFERENCES `service` (`id`);

--
-- Contraintes pour la table `plantresorerie`
--
ALTER TABLE `plantresorerie`
  ADD CONSTRAINT `FK_D26E6EB047F1F2EE` FOREIGN KEY (`lignebudget_id`) REFERENCES `previsionbudget` (`id`);

--
-- Contraintes pour la table `previsionbudget`
--
ALTER TABLE `previsionbudget`
  ADD CONSTRAINT `FK_D470915496AAD304` FOREIGN KEY (`lignebudgetprevision_id`) REFERENCES `ligne_budgetaire` (`id`),
  ADD CONSTRAINT `FK_D4709154BEE02DA1` FOREIGN KEY (`sousrubrique_id`) REFERENCES `sous_rubrique` (`id`),
  ADD CONSTRAINT `FK_D4709154E0BFF4B5` FOREIGN KEY (`anneebudgetprevision_id`) REFERENCES `anneebudgetaire` (`id`),
  ADD CONSTRAINT `FK_D4709154ED5CA9E6` FOREIGN KEY (`service_id`) REFERENCES `service` (`id`);

--
-- Contraintes pour la table `recette`
--
ALTER TABLE `recette`
  ADD CONSTRAINT `FK_49BB639063FBA0AB` FOREIGN KEY (`lignebudgetrecette_id`) REFERENCES `previsionbudget` (`id`),
  ADD CONSTRAINT `FK_49BB6390FA88C9C3` FOREIGN KEY (`code_journaux_id`) REFERENCES `compte_journaux` (`id`),
  ADD CONSTRAINT `FK_49BB6390FB88E14F` FOREIGN KEY (`utilisateur_id`) REFERENCES `personne` (`id`);

--
-- Contraintes pour la table `service`
--
ALTER TABLE `service`
  ADD CONSTRAINT `FK_E19D9AD2D7F89D74` FOREIGN KEY (`axe_analytique_id`) REFERENCES `axeanalytique` (`id`);

--
-- Contraintes pour la table `sgbfunctions_role`
--
ALTER TABLE `sgbfunctions_role`
  ADD CONSTRAINT `FK_97A8445C67048801` FOREIGN KEY (`function_id`) REFERENCES `sgbfunction` (`id`),
  ADD CONSTRAINT `FK_97A8445CD60322AC` FOREIGN KEY (`role_id`) REFERENCES `sgbrole` (`id`);

--
-- Contraintes pour la table `sous_rubrique`
--
ALTER TABLE `sous_rubrique`
  ADD CONSTRAINT `FK_87EA3D293BD38833` FOREIGN KEY (`rubrique_id`) REFERENCES `rubrique` (`id`);
COMMIT;

/*!40101 SET CHARACTER_SET_CLIENT=@OLD_CHARACTER_SET_CLIENT */;
/*!40101 SET CHARACTER_SET_RESULTS=@OLD_CHARACTER_SET_RESULTS */;
/*!40101 SET COLLATION_CONNECTION=@OLD_COLLATION_CONNECTION */;
